100000000,Billie Stephens
100000001,Della Smith
100000002,George Corcoran
100000003,Jacob Naiman
100000004,William Pander
100000005,James Wiederhold
100000006,Gilberto Diggs
100000007,Michael Vorse
100000008,Glenn Hedgespeth
100000009,Wesley Brennan
100000010,Rachel Keaton
100000011,Christopher Chaney
100000012,John Haddock
100000013,Darryl Swem
100000014,Angela Pike
100000015,Brandon Alberto
100000016,Mary Walters
100000017,Jon Caswell
100000018,Ona Pothier
100000019,Stacy Johnson
100000020,Dana Mott
100000021,Magaret Seals
100000022,Bettye Bray
100000023,Crystal Aucoin
100000024,Yvette Rahim
100000025,Philip Lee
100000026,Kenneth Titcomb
100000027,Raymond Gresham
100000028,Judith Meinke
100000029,William Skillern
100000030,John Lucas
100000031,Miguel Buck
100000032,Patricia Mcclain
100000033,Ronald Simpson
100000034,Joseph Houston
100000035,Nancy Bejarano
100000036,Matt Wickham
100000037,Carla Ashworth
100000038,James Fey
100000039,Paul Kinloch
100000040,Rosemary Tucker
100000041,Ryan Reiter
100000042,Matthew Knight
100000043,Rachel Cornett
100000044,Robert Evenson
100000045,George Hill
100000046,Shane Kelly
100000047,Paul Bessette
100000048,Stacey Wilson
100000049,Mary Hemphill
100000050,Jack Harris
100000051,Daniel Lent
100000052,Jennifer Dooley
100000053,Steven Hasler
100000054,Adam Hendrix
100000055,Jeffrey Nguyen
100000056,Kenneth Stewart
100000057,April Malandruccolo
100000058,Fabian Canevari
100000059,Donny Murray
100000060,Jeanette Natividad
100000061,Nancy Balagtas
100000062,William Newsome
100000063,Dean Kirby
100000064,Linda Wetherbee
100000065,Heather Bryer
100000066,Ronda Sapp
100000067,Terry Chiapetti
100000068,Michael Cason
100000069,Thomas Dudley
100000070,Heather Jones
100000071,Reginald Rexroad
100000072,Anne Barnes
100000073,Paul Ostrander
100000074,Zoraida Martin
100000075,Nancy Culotta
100000076,Cathi Garcia
100000077,Dorothy Martz
100000078,Edward Schubert
100000079,Karen Summers
100000080,Lacey Weidner
100000081,Joyce Beveridge
100000082,Ted Fabela
100000083,Preston Geiger
100000084,Lorenzo Fricke
100000085,Gordon Tachauer
100000086,Jolene Leising
100000087,Diane Lynch
100000088,Richard Jason
100000089,Russell Mccardell
100000090,Stella Konrad
100000091,Stacy Rock
100000092,Luis Ford
100000093,Barbara Cochrane
100000094,Angela Branch
100000095,Dustin Thompson
100000096,Irvin Juhasz
100000097,Andres Cassella
100000098,Lonnie Haase
100000099,Marla Neveu
100000100,Earl Fussell
100000101,Randall Nelson
100000102,Nancy Davis
100000103,Jose Broom
100000104,Haley Turchi
100000105,Leslie Jones
100000106,Annabell Gomez
100000107,Bobbie Head
100000108,Deborah Morgan
100000109,Charles Rivera
100000110,Sherrie Sanchez
100000111,Joe Menter
100000112,Charles Mills
100000113,Kristy Eubanks
100000114,David Harp
100000115,Richard Lopez
100000116,John Eck
100000117,Virginia Watts
100000118,Linda Johnson
100000119,Alice Walker
100000120,Brenda Romaine
100000121,Efrain Bosse
100000122,Charles Metcalf
100000123,Charles Murphy
100000124,Rodney Alvarez
100000125,Joy Wiant
100000126,David Hawkins
100000127,Pam Garcia
100000128,Kenny Mccall
100000129,Matthew Rosenholm
100000130,Jason Lawson
100000131,Jose Kryder
100000132,David Hanna
100000133,Lashonda Alexander
100000134,Kevin Hall
100000135,Jackie Tucker
100000136,Linda Bradley
100000137,Sarah Robinson
100000138,Jamie Dyal
100000139,Barbara Mendoza
100000140,Cheryl Soriano
100000141,Harry Hill
100000142,Sherrie Begum
100000143,Jeffrey Battle
100000144,Michael Black
100000145,George Jackson
100000146,Katherine Lowery
100000147,Stephanie Wonders
100000148,Nathaniel Serviss
100000149,Freddy Vega
100000150,Jack Botner
100000151,Vicki Bramble
100000152,Lillian Massey
100000153,Benjamin Alvarado
100000154,Irma Barber
100000155,Sergio Renfrow
100000156,Blaine Spice
100000157,John Murguia
100000158,Mary Serrano
100000159,Maryann Binegar
100000160,Lon Broussard
100000161,Rebecca Close
100000162,Marjorie Kimble
100000163,Kathleen Jenkins
100000164,Frieda Knight
100000165,Eugene Winn
100000166,Lisa Schmidtke
100000167,Mitchell Thomas
100000168,Minerva Hodge
100000169,Helen Bradford
100000170,Kevin Ross
100000171,Marion Logan
100000172,Otilia Grubbs
100000173,Lee Miller
100000174,Brenda Demello
100000175,Ivory Riley
100000176,Kevin Calvert
100000177,Sherrie Ray
100000178,Adelaida Maestas
100000179,Blaine Green
100000180,David Kleven
100000181,Edith Hunter
100000182,Rose Larson
100000183,Karen Neace
100000184,Tony Teague
100000185,Norma Cain
100000186,Carlton Villalobos
100000187,Cindy Barbosa
100000188,Brandi Williams
100000189,Carolyn Moody
100000190,Peter Krenz
100000191,Jonathan Aronowitz
100000192,Alice Marshall
100000193,Cynthia Sagedahl
100000194,Joshua Walker
100000195,Mary Whisenant
100000196,Frank Patterson
100000197,Helen Faunce
100000198,Emily Ellis
100000199,Charles Mclaughlin
100000200,Vicki Barnwell
100000201,Ruth Huggins
100000202,Kathleen Reeves
100000203,Deborah Rhodes
100000204,Robert Hawkins
100000205,Marion Bejarano
100000206,Sandra Chao
100000207,Linda Ochwat
100000208,Frank Walles
100000209,Clarence Brinkhaus
100000210,Robert Brunell
100000211,Susie Torres
100000212,Milton Wolfe
100000213,Erich Walter
100000214,Tommy Covington
100000215,Peggy Crabtree
100000216,Toni Massey
100000217,Alejandro Posey
100000218,Don Baldridge
100000219,Diana Horton
100000220,Margaret Staples
100000221,Karen Mcmichael
100000222,Matthew Morton
100000223,Joan Letson
100000224,Agustin Lossett
100000225,Lydia Curtis
100000226,Marguerite Morton
100000227,Kory Austin
100000228,Maria Brown
100000229,Thomas Hatten
100000230,Jc Shaw
100000231,Brent Olsen
100000232,Elaine Skalicky
100000233,Anita Reeves
100000234,Sarah Woodland
100000235,Kimberly Roberts
100000236,Mark Backman
100000237,Donald Carson
100000238,Paul Langholz
100000239,Sharon Ruiz
100000240,Elizabeth Turner
100000241,Kenneth Irvin
100000242,Grace Brown
100000243,Peter Simmons
100000244,Latesha Landau
100000245,Alicia Roberts
100000246,Gladys Wimmer
100000247,Anna Hargrove
100000248,Norman Parks
100000249,Thomas Ward
100000250,Mary Huskey
100000251,Gregg Reddy
100000252,Len Langer
100000253,Mary Williams
100000254,Dustin Coyle
100000255,Vernon Rice
100000256,Vivian Withrow
100000257,Helen Bransford
100000258,Julie Cowen
100000259,Debra Martin
100000260,Mary Rivera
100000261,Dorothy Jensen
100000262,Yong Robinson
100000263,Joshua Moye
100000264,Mark Nauman
100000265,Doris Smith
100000266,Colton Lewis
100000267,Lucille Holloway
100000268,Alexis Miller
100000269,Peter Dear
100000270,Patrick Rodgers
100000271,Allan Ashton
100000272,Maureen Wells
100000273,William Lawing
100000274,Cathy Hollister
100000275,Kelly Linder
100000276,Juliana Stokes
100000277,Esther Finnie
100000278,Robert Greene
100000279,Thelma Koopmans
100000280,Scott Patterson
100000281,Christine Burnett
100000282,Thomas Wagner
100000283,Rudolph Rochat
100000284,Rhonda Pokorney
100000285,Jessica Young
100000286,Larry Wong
100000287,Alexander Billingsley
100000288,Michael Sparks
100000289,Christopher Torpey
100000290,Blanca Carew
100000291,Robert Boyd
100000292,Sherry Valerio
100000293,William Johnson
100000294,Francis Mccall
100000295,Johnny Brizuela
100000296,Virgil Comfort
100000297,Jerry Gilbert
100000298,William Garcia
100000299,Barbara Flowers
100000300,David Lassiter
100000301,Anne Stanford
100000302,Francie Smith
100000303,Reuben Heroux
100000304,Cristopher Dayton
100000305,Michelle Dennis
100000306,Elizabeth Williams
100000307,Anne Nash
100000308,Walter Rodriguez
100000309,Hugh Rodgers
100000310,Morris Snead
100000311,Glen Lewis
100000312,Jennifer Kiley
100000313,Patsy Salas
100000314,James Hamel
100000315,Christopher Erwin
100000316,Gregory May
100000317,Leroy Gatlin
100000318,Elizabeth Otero
100000319,Charles Sage
100000320,Priscilla Oelschlaeger
100000321,Natividad Cox
100000322,Mildred Oconnell
100000323,Charlie Goodwin
100000324,Ina Travis
100000325,Susana Bennett
100000326,Wendy Ramos
100000327,Jeffrey Bristol
100000328,Jonathan Brandon
100000329,Jerry Eibell
100000330,Evelyn Miranda
100000331,Brenda Ferguson
100000332,Lewis Osterman
100000333,Russell Dao
100000334,Desiree Smith
100000335,Loretta Ford
100000336,Caleb Bowman
100000337,Maurice Dupuis
100000338,Donte Adamitis
100000339,Lori Williams
100000340,Irene King
100000341,Vicki Walker
100000342,Patricia Reffitt
100000343,Florence Lewis
100000344,Deborah Kessler
100000345,Billy Billinghurst
100000346,Manuel Case
100000347,Russell Lee
100000348,Monica Gresham
100000349,Joanne Bland
100000350,Marc Lucas
100000351,Scott Turner
100000352,Patrica Slayton
100000353,Eddy Galvez
100000354,Anna Garcia
100000355,Patricia Dortch
100000356,Melanie Garza
100000357,Robert Dabbs
100000358,Joseph Ulrich
100000359,Joy Blanchard
100000360,Peter Calvert
100000361,Dorothy Hoch
100000362,Tyler Ross
100000363,Marie Beavers
100000364,Lonny Pineda
100000365,Jesse Epps
100000366,Stephen Christensen
100000367,Milo Hasas
100000368,Tonya Brown
100000369,Peggy Rosario
100000370,Thelma Ennenga
100000371,William West
100000372,Clarence Dominguez
100000373,Randall Laird
100000374,Edwin Robinson
100000375,Manuel Hubbard
100000376,Rene King
100000377,Michael Abed
100000378,Joshua Flores
100000379,Nora Mrowka
100000380,Beth Meyer
100000381,Carolyn Whitford
100000382,Brian Howley
100000383,Glen Helder
100000384,Margaret Benedict
100000385,Kathryn Perez
100000386,Cynthia Hedgespeth
100000387,Benito Tenaglia
100000388,Robert Ball
100000389,Gabriel Evans
100000390,David Sherman
100000391,Rosemary Bryant
100000392,Irma Poole
100000393,Jose Thomas
100000394,Sherry Simmons
100000395,Judith Muzzy
100000396,John Carmichael
100000397,Pamela Trejo
100000398,John Rogers
100000399,Israel Thompson
100000400,Danyelle Quinn
100000401,Amy Wolf
100000402,Song Wyland
100000403,Sammy Mitchell
100000404,Leeann Scott
100000405,Robert Newton
100000406,Joyce Moreno
100000407,Cesar Millican
100000408,Susan Cohen
100000409,Regina Cox
100000410,Karen Chinn
100000411,Edward Mccrary
100000412,Amber Grant
100000413,William Clayton
100000414,Edward Rushing
100000415,Crystal King
100000416,Jerome Lachance
100000417,Bonnie Ayers
100000418,Monserrate Gries
100000419,Barbara Curley
100000420,Daniel Pitts
100000421,Wayne Cochran
100000422,Hope Carpenter
100000423,Ernest Hill
100000424,George Patchell
100000425,George Crawford
100000426,James Baker
100000427,James Ponce
100000428,Mary Hart
100000429,Mary Hoyt
100000430,James Galindez
100000431,Linda Grossetete
100000432,Roman Sloan
100000433,Eleanor Peterson
100000434,Jeffrey Dudley
100000435,Jose Carter
100000436,Linda Smiley
100000437,Peggy Hayes
100000438,David Dennis
100000439,James Burch
100000440,John Pickrell
100000441,Timothy Nelson
100000442,Jeffery Key
100000443,Tonya Henrickson
100000444,Gus Reese
100000445,Albert Marrow
100000446,Sharon Webb
100000447,Ramona Rice
100000448,John Tancredi
100000449,Debbi Martinez
100000450,David Mee
100000451,Beverly Scott
100000452,Florence Wilson
100000453,Anita Hernandez
100000454,Curt Pigeon
100000455,Terrence Mason
100000456,Francisco Hoffpavir
100000457,Louise Juarez
100000458,Jillian Burkett
100000459,Pamela Davis
100000460,Sue Batten
100000461,June Senecal
100000462,Gabriel Holmes
100000463,Robert Currier
100000464,Thomas Mcduffie
100000465,Rosalie Haitz
100000466,Frances Pearson
100000467,Leann Smith
100000468,April Strange
100000469,Sheila Rice
100000470,Addie Galloway
100000471,William Neal
100000472,Mary Johnson
100000473,Michael Antolin
100000474,Patricia Stahl
100000475,Rosemarie Bowers
100000476,Monica Gray
100000477,James Lewis
100000478,Nathan Sistrunk
100000479,Victoria Hawn
100000480,Alfredo Mccullers
100000481,Carrie Lee
100000482,Calvin Hayes
100000483,Vanessa Maybee
100000484,Terry Parks
100000485,Lisa Guzman
100000486,Allison Melgar
100000487,Joseph Celestine
100000488,Ruth Oconnor
100000489,John Hirata
100000490,Becky Brown
100000491,John Mccormick
100000492,Beverly Prater
100000493,Aaron Steiner
100000494,Ralph Crane
100000495,John Lund
100000496,Marcia Hardin
100000497,Michael Molina
100000498,Suzanne Blake
100000499,Daniel Rogers
100000500,John Barnes
100000501,Martha Faust
100000502,Linda Bibber
100000503,Timothy Noel
100000504,Dominique Brown
100000505,Sue Durham
100000506,Evan Helmer
100000507,Winona Foster
100000508,April Patterson
100000509,Dawn Baker
100000510,Marjorie Andon
100000511,Reva Callicutt
100000512,Charles Bennett
100000513,Harvey Byrd
100000514,Sophia Barker
100000515,Louise Adams
100000516,Robert Mullen
100000517,Mark Siegal
100000518,Diane Hylton
100000519,Arnold Ford
100000520,Gail Thao
100000521,Pearl Price
100000522,Robert Gregory
100000523,Mark Martinez
100000524,Tyler Newman
100000525,Melissa Owens
100000526,Rick Long
100000527,Betty Aceuedo
100000528,Gloria Massey
100000529,Virginia Rivers
100000530,Ralph Royster
100000531,Felix Lessard
100000532,William Anderson
100000533,Ervin Apolo
100000534,Yvonne Warrick
100000535,Rodney Alston
100000536,Jennifer Vaughan
100000537,Joanne Martin
100000538,Irene Campos
100000539,Stephen White
100000540,Andres Fryer
100000541,Derek Fasciano
100000542,Bradley Young
100000543,David Muniz
100000544,Juan Yingling
100000545,Rebecca Diaz
100000546,Jan Dollar
100000547,Kevin Babin
100000548,Valerie Estes
100000549,Irma Cockrell
100000550,Kenneth Heller
100000551,Viola Terrell
100000552,Jamal Adelstein
100000553,Patricia Kennedy
100000554,Antonio Hawn
100000555,Diane Marshall
100000556,Evelyn Cyrus
100000557,Peggy Miranda
100000558,Scott Mckinney
100000559,Addie Kelley
100000560,Janet Rivera
100000561,Alexander Ramos
100000562,Nicole Link
100000563,Krysta King
100000564,Wendell Wilkins
100000565,Gregory Atkins
100000566,Ronald Fry
100000567,Leonard Meaker
100000568,Virginia Beck
100000569,Kirk Alex
100000570,Pearl Dyer
100000571,James Porter
100000572,Larry Abeyta
100000573,Frank Snyder
100000574,Dale Otoole
100000575,Teresa Carrera
100000576,Aurora May
100000577,Regena Lunsford
100000578,Helen Townsend
100000579,Michael Robinson
100000580,James Bennett
100000581,Andy Dinkins
100000582,Roland Rupp
100000583,William Brooks
100000584,Mattie Jewell
100000585,Amy Stark
100000586,Christine Gregor
100000587,Gwendolyn Pillsbury
100000588,Betty Moorhouse
100000589,Elmer Marien
100000590,Leslie Rutkowski
100000591,Stuart Hall
100000592,Mary Thomas
100000593,Erin Dagostino
100000594,David Culligan
100000595,Noreen Caballero
100000596,Teodora Erickson
100000597,Donald Cowboy
100000598,Naomi Martinez
100000599,Gordon Hodgdon
100000600,Rachel Elliott
100000601,Donald Stewart
100000602,James Wilburn
100000603,Dwayne Remis
100000604,Kathryn Berman
100000605,Christine White
100000606,Mary Patton
100000607,Andrea Mcauley
100000608,Mable Gilson
100000609,Jean Haines
100000610,Robert Matthews
100000611,Gail James
100000612,Darlene Lent
100000613,Sean Clauson
100000614,Rachel Baldwin
100000615,Debra Daugherty
100000616,Joan Baker
100000617,Howard Hall
100000618,Elmer Freese
100000619,Larry Goodwin
100000620,Tammy Looney
100000621,Ramona Luna
100000622,Willard Saldana
100000623,Darnell Roux
100000624,David Ventura
100000625,James Lowry
100000626,Holly Lee
100000627,Martha Dean
100000628,Ronald Barnes
100000629,Christopher Parker
100000630,Tatiana Shelly
100000631,Jessica Carter
100000632,Angelia Cullen
100000633,Drew Rohling
100000634,Mark Richardson
100000635,Anisa Fawcett
100000636,Guadalupe Navarro
100000637,Elizabeth Lacoste
100000638,Shirley Whaley
100000639,Carmen Johns
100000640,Marjorie Rubalcava
100000641,John Maddux
100000642,Charles Dolan
100000643,Alfonso Simons
100000644,Angela Bailey
100000645,William Hall
100000646,David Espinosa
100000647,Beulah Usry
100000648,Warren Crouch
100000649,James Ortiz
100000650,Emily Shipp
100000651,Josie Brown
100000652,Brian Hathaway
100000653,Ali Johnson
100000654,Darrell Maddox
100000655,Lucille Vetter
100000656,Henry Jackson
100000657,Kenny Brown
100000658,James Harris
100000659,Daniel Cichy
100000660,Steven Gonzales
100000661,Lilia Martinez
100000662,Sophie Kelly
100000663,Annie Watson
100000664,Anne Conde
100000665,Edward Christiansen
100000666,Mary Gonsoulin
100000667,Dewey Sharp
100000668,Juan Turner
100000669,Mike Hawkins
100000670,James Mccall
100000671,Kyle Mckay
100000672,William Hockins
100000673,Robert Padilla
100000674,Joseph Shoop
100000675,Eduardo Lafond
100000676,Nancy Wells
100000677,Jill Westman
100000678,Rosio Mayer
100000679,Haywood Tillery
100000680,Anita Wilson
100000681,James Hessler
100000682,Timothy Grant
100000683,John Ring
100000684,Erin Bass
100000685,Janice Looman
100000686,Joseph Graves
100000687,Charlotte Clark
100000688,David Spiro
100000689,Sheryl Fortner
100000690,Kevin Ramos
100000691,Scott Kroes
100000692,Ashley Woodard
100000693,Kelvin Tyler
100000694,Allen Grantham
100000695,Edward Armstrong
100000696,Manuel Johnson
100000697,David Barnes
100000698,Angela Stokes
100000699,Charles Johansen
100000700,Jannie Collins
100000701,Brandon Shores
100000702,Mary Khan
100000703,Pam Huffman
100000704,Terry Lindsey
100000705,Julie Morrison
100000706,Christine Hemp
100000707,Linda Tibbert
100000708,Roxie Witt
100000709,Amelia Kim
100000710,Edith Cecere
100000711,Katherine Noeldner
100000712,Priscilla Dupre
100000713,Bettye Hill
100000714,Louise Weber
100000715,Maria Cardoza
100000716,Martha Mercer
100000717,Francis Dunn
100000718,Michelle Niver
100000719,Daniel Doggett
100000720,Joyce Seda
100000721,Tiffany Mook
100000722,Christopher Elliott
100000723,Efrain Huerta
100000724,Gregory Curtis
100000725,Susan Epley
100000726,Neil Dahl
100000727,Todd Mchargue
100000728,Shane Titsworth
100000729,Troy Lozon
100000730,Bryan Villarreal
100000731,Bruce Kinkade
100000732,Kevin Smith
100000733,Bernice Gutierrez
100000734,Steven Hackney
100000735,Rose Rudnicki
100000736,Geraldine Montgomery
100000737,James Hernandez
100000738,Rose Patterson
100000739,Mitchel Xu
100000740,Bradley Atwood
100000741,Paul Love
100000742,Marie Shah
100000743,Kathryn Jacobs
100000744,Jennie Thies
100000745,Jessie Oliver
100000746,Walter Murphy
100000747,Sharon Holmes
100000748,Dorothy Botkins
100000749,Daniel Loftus
100000750,Ruby Demarais
100000751,Elizabeth Nolan
100000752,Carlene Krebbs
100000753,Hazel Benson
100000754,Pamela Wold
100000755,Fred Santander
100000756,Kimberly Garza
100000757,Annette Cahill
100000758,Eric Gardner
100000759,Alice Strickland
100000760,Robert Black
100000761,Charles Collins
100000762,Troy Brandon
100000763,Judith Hoggard
100000764,Maria Trump
100000765,Julie Hernandez
100000766,Daniel Moen
100000767,Thomas Hicks
100000768,Elease Sangster
100000769,Mary Nemeth
100000770,Christopher Burns
100000771,Lauren Hernandez
100000772,Ferdinand Bergren
100000773,Thomas Dufrene
100000774,Dannie Miller
100000775,Latoya Southwick
100000776,Kay Joosten
100000777,Clara Cuadras
100000778,Lauren Auten
100000779,Gary Melton
100000780,Tomasa Henry
100000781,Susan Jacobs
100000782,Latrice Marotta
100000783,Allison Blake
100000784,Karen Poeschel
100000785,Kristine Owens
100000786,Joseph Moody
100000787,Ralph Thomas
100000788,Kenneth Bird
100000789,Florence Bonner
100000790,Tera Kimberlin
100000791,Michael Hill
100000792,Dale Mathis
100000793,Michael Valazquez
100000794,Michael Garske
100000795,Rex Petty
100000796,Charles Dowling
100000797,Glenn Williamson
100000798,Alvin Willis
100000799,Louis Hill
100000800,Laura Owens
100000801,Jordan Long
100000802,Emmett Kartes
100000803,Heather Quarles
100000804,Sadie Kail
100000805,Ricardo Hammons
100000806,Sharon Curry
100000807,Richard Cohen
100000808,Paula Kim
100000809,Argelia Sargent
100000810,Mike Siebenaler
100000811,Kris Carpenter
100000812,Cynthia Russo
100000813,Karen Stidham
100000814,Michael Fields
100000815,Pam Dixon
100000816,Carrie Cohen
100000817,Harvey Wood
100000818,Susan Cole
100000819,Cindy Canas
100000820,Kevin Siler
100000821,Sharon Clark
100000822,Leslie Roche
100000823,David Fabian
100000824,Denise Jacobs
100000825,Jose Meacham
100000826,Clyde Foley
100000827,Brenda Stephens
100000828,Tracy Webster
100000829,William Davis
100000830,Benjamin Mcdonald
100000831,Laura Mcnair
100000832,Dionne Wheeler
100000833,Bridget Carey
100000834,Hilda Thomas
100000835,George Yasutake
100000836,William Lansdell
100000837,Stanley Wray
100000838,Jana Fulton
100000839,Terry Creech
100000840,Phyllis Wright
100000841,Ricardo Castro
100000842,Lawrence Johnson
100000843,Daniel Hawkins
100000844,Toby Troke
100000845,Kimberley Jackson
100000846,Elizabeth Jones
100000847,Pamela Potter
100000848,Sadie Mitchell
100000849,Douglas Landers
100000850,Philip Chavez
100000851,Curtis Roy
100000852,Robert Alsdon
100000853,James Antoine
100000854,Lucy Johnson
100000855,Freddy Emerson
100000856,Sarah Himenez
100000857,Malcolm Mckinney
100000858,Kathleen Ball
100000859,Dean Mchenry
100000860,Teddy Smith
100000861,Regina Cirillo
100000862,Glenn Rogers
100000863,Sarah Anderson
100000864,Vincent Garza
100000865,Kimberly Coyt
100000866,Jessica Weber
100000867,Lula Kim
100000868,Richard Shaw
100000869,Raina Flynn
100000870,Stanley Masters
100000871,Chris Frazer
100000872,Sharon Nason
100000873,Franklin Prentice
100000874,Warren Barnhart
100000875,Anita Buell
100000876,Elizabeth Alvarez
100000877,Ida Davis
100000878,Byron Bryant
100000879,Linda King
100000880,Shirley Banks
100000881,Rosalee Collier
100000882,Courtney Watkins
100000883,James Thompson
100000884,Lori Fritzler
100000885,Harold Papa
100000886,Larry Hiller
100000887,Trisha Kelly
100000888,Richard Morgan
100000889,Leslie Howard
100000890,Keenan Rivera
100000891,Andrea Moore
100000892,Stephen Haddix
100000893,Jesse Khan
100000894,David Wilson
100000895,Kelly Kendall
100000896,Lisa Williams
100000897,Claudia Cabading
100000898,Christina Thornhill
100000899,Donald Bennetts
100000900,Brittany Mcgee
100000901,Russell Botti
100000902,Charlotte Vreeland
100000903,Robert Taylor
100000904,Lori Rogers
100000905,Pedro Odonnell
100000906,Damon Clark
100000907,Travis Simpson
100000908,Thomas Fields
100000909,Mercedes Bush
100000910,Timothy Red
100000911,George Wilson
100000912,Randy Houghtaling
100000913,Carlos Kennedy
100000914,Kimberly Evans
100000915,Lucas Marshall
100000916,Melissa Jackson
100000917,Amber Bloomfield
100000918,Mary Stermer
100000919,Amy Sanders
100000920,Paul Torres
100000921,James Melton
100000922,Jon Linn
100000923,Jose Gilmore
100000924,Lucrecia Schwenke
100000925,Heather Delaughter
100000926,Timothy Routh
100000927,Marion Seale
100000928,Wendy Kwan
100000929,David Lewis
100000930,Suzanne King
100000931,Audrey Notice
100000932,Edward Morales
100000933,John Rhames
100000934,William Williams
100000935,Malena Strobeck
100000936,Daniel Nettles
100000937,Roy Joy
100000938,Nina Williams
100000939,Walter Hatch
100000940,Leo Bessler
100000941,Oscar Jackson
100000942,David Melgar
100000943,John Stanton
100000944,Richard Pettis
100000945,Rosie Estorga
100000946,James Dobies
100000947,Alpha Hill
100000948,Francis Helm
100000949,Margaret Brown
100000950,Dave Blake
100000951,Lawrence Livingston
100000952,Linda Barakat
100000953,Robert Wade
100000954,David Bessler
100000955,Maria Smith
100000956,Andrew Porter
100000957,Laurence Martine
100000958,Paul Moreno
100000959,Megan Sanches
100000960,Tina Merriweather
100000961,Beverly Stinebaugh
100000962,Byron Petrillo
100000963,Chad Boyd
100000964,Thea Tymeson
100000965,Vickie Martin
100000966,Raul Schmalz
100000967,Robin Haecker
100000968,Leonard Simms
100000969,Diana James
100000970,Lisa Koller
100000971,Patricia Monsen
100000972,Leona Mata
100000973,James Witham
100000974,Roberto Fawcett
100000975,Virginia Ruse
100000976,Rosemarie Hise
100000977,Andrew Leblanc
100000978,Benjamin Glover
100000979,Lindsey Peterson
100000980,Raymond Eggleston
100000981,James Cokley
100000982,Victor Lyons
100000983,Anna Taylor
100000984,Paul Pelletier
100000985,Joseph Moore
100000986,James Dodson
100000987,John Zima
100000988,Curtis Willis
100000989,Cheryl Kurkowski
100000990,James Kelly
100000991,Alice Giles
100000992,Barbara Schumaker
100000993,Angela Welch
100000994,Steven Sifford
100000995,Clarence Schoberg
100000996,Lita Hughley
100000997,Victor Nettles
100000998,Betty Daniels
100000999,Roger Fernandez
100001000,Nikita Hinton
100001001,Mark Brandt
100001002,Nancy Cross
100001003,Sarah Reid
100001004,Bonnie Dickert
100001005,Gregory Wertz
100001006,Garrett Swisher
100001007,Kevin Fortner
100001008,Brian Anderson
100001009,Anna Wilson
100001010,Glenn Hague
100001011,Adelaida Gaskins
100001012,Mary Markham
100001013,Patricia Martin
100001014,Chad Munden
100001015,Thomas Alonzo
100001016,Jacob Russell
100001017,Paul Juarez
100001018,Ross Shafer
100001019,Fernande Smith
100001020,Daniella Adams
100001021,Linda Gibson
100001022,Sammy Meeks
100001023,Bryce Wilson
100001024,Linda Ostrom
100001025,Natasha Pollard
100001026,Nichole Morgan
100001027,Richard Forbus
100001028,Angel Ferree
100001029,Marion Chandler
100001030,Michael Althouse
100001031,Jennifer Roseman
100001032,Roger Morgan
100001033,Mary Wade
100001034,George Brinegar
100001035,Winona Mcmullen
100001036,Carolyn Alessi
100001037,Tiesha Cho
100001038,Armando Kittredge
100001039,Ricardo Goodale
100001040,Jeremy Huff
100001041,Colleen Boone
100001042,Amy Testerman
100001043,Vicki Yoon
100001044,James Denson
100001045,Terisa Echols
100001046,Iona Sowers
100001047,Jose Ward
100001048,Amanda Fleck
100001049,Joseph Lee
100001050,Erica Tester
100001051,Margaret Knutson
100001052,Sadie Worthen
100001053,Amy Marshall
100001054,Elvira Payne
100001055,Gail Rutledge
100001056,Joy Podesta
100001057,Patricia Dillard
100001058,Philip Darling
100001059,Michelle Bannister
100001060,Holly Elamin
100001061,Franklin Ryder
100001062,Debra Mclean
100001063,Rebecca Haynes
100001064,Bobby Napier
100001065,Judy Hamilton
100001066,James Stair
100001067,Kimberly Chandler
100001068,Ernest Jones
100001069,Vance Hurd
100001070,Kathleen Voss
100001071,Peter Garner
100001072,Bob Chaput
100001073,Robert Ameduri
100001074,Mary Brangers
100001075,Misty Calhoun
100001076,Allen Dawkins
100001077,Paola Kilpatrick
100001078,Maria Hetzel
100001079,Thomas Oconnell
100001080,Boyd Bentley
100001081,Wendell Davis
100001082,Bruce Peachey
100001083,Darlene Silver
100001084,Amber Greenspan
100001085,Cheryl Warren
100001086,Anna Hammett
100001087,Carrie Waldron
100001088,Thomas Kuether
100001089,Timothy Daigle
100001090,Terry Alford
100001091,Nathan Wynn
100001092,Silvia Warren
100001093,Ann Long
100001094,Harold Wilkens
100001095,Marion Hornbeck
100001096,Michael Moore
100001097,Jimmy Junkin
100001098,Marilyn Tenbusch
100001099,Karla Rice
100001100,Lawrence Parker
100001101,Alice Curry
100001102,Velma Smith
100001103,Phyllis Montanez
100001104,Robert Wood
100001105,Leonard Tyler
100001106,Christopher Schott
100001107,Isabelle Edwards
100001108,Howard Johnson
100001109,Terri Martinez
100001110,Joanne Quinn
100001111,Jeannette Murphy
100001112,Craig Peters
100001113,Janet Plater
100001114,William Stevens
100001115,Jack Steele
100001116,Isaac Hardy
100001117,Reina Ricciardi
100001118,Katrina Barnett
100001119,Michael Freeman
100001120,Betty Riddle
100001121,Christopher Thomas
100001122,Arlene Holland
100001123,Essie Fischer
100001124,Robert Monger
100001125,Rebecca Williams
100001126,Mildred Price
100001127,Helen Tovar
100001128,Laurie Clark
100001129,Jerry Diaz
100001130,Josephine Coplan
100001131,Kim Defranco
100001132,Jason Brewer
100001133,Matthew Balser
100001134,Raymond Conway
100001135,Brenda Laumbach
100001136,Mark Pundt
100001137,Marci Winchel
100001138,Charles Knight
100001139,Fran Reyes
100001140,Tina Anderson
100001141,Janene Orozco
100001142,Joshua Lucchese
100001143,Kristen Aliaga
100001144,Mary Padilla
100001145,Justin Rozanski
100001146,Allison Rodriquez
100001147,Robert Miller
100001148,Harry Adame
100001149,Cole Hier
100001150,Julie Garrison
100001151,Samuel Luescher
100001152,David Vinyard
100001153,Terese Markham
100001154,Matilde Rachal
100001155,Peggy Bickers
100001156,Leslie Shupe
100001157,Clifford Snyder
100001158,Amanda Crowell
100001159,Karen Rodgers
100001160,Jennifer Mcintosh
100001161,Gabriel Sprague
100001162,Floyd Guy
100001163,Latoya Johansson
100001164,Rebecca Fontenot
100001165,Marcie Chaffee
100001166,Ralph Tsang
100001167,Vincent Banks
100001168,Tara Williams
100001169,Ruth Barclay
100001170,Victoria Shah
100001171,Mary Wiese
100001172,Joanne Jackson
100001173,Wayne Christenson
100001174,Adela Batts
100001175,Albert Chestnut
100001176,Nelson Whigham
100001177,Barbara Boyd
100001178,Keith Mchugh
100001179,Linda Barginear
100001180,Holly Leduc
100001181,Jessica Lynch
100001182,Christopher Haggard
100001183,Kathleen Fenster
100001184,Robert Rehlander
100001185,Bonnie Espinoza
100001186,Rhonda Morrow
100001187,Carol Espinoza
100001188,David Mancuso
100001189,Jessica Franklin
100001190,Catherine Planas
100001191,Angel Poteat
100001192,Anna Donnelly
100001193,Efren Tallman
100001194,Kelly Guerrero
100001195,Rita Mccarty
100001196,Nicole Magee
100001197,Robert Sanders
100001198,Tina Barber
100001199,Sabrina Cardwell
100001200,Florence Jacobs
100001201,David Heavrin
100001202,Jose Smith
100001203,Tiffany Quigley
100001204,Pamela Todd
100001205,Jennifer Grandi
100001206,Opal Constantine
100001207,Daniel Medrano
100001208,Carl Moore
100001209,Ruth Graham
100001210,Michael Small
100001211,Daniel Romero
100001212,Kasey Wolfe
100001213,Julia Brown
100001214,Penelope Rayburn
100001215,Robert Walling
100001216,Linda Deckman
100001217,Timothy Patrick
100001218,Timothy Holmes
100001219,Sandra Ruiz
100001220,Jose Lozano
100001221,Donald Hartline
100001222,Alana Harvey
100001223,Morgan Prescott
100001224,Cathy Vestal
100001225,Mary Mckoan
100001226,David Woodard
100001227,Tina Negrete
100001228,Anthony Santelli
100001229,Timothy Hinton
100001230,Bruce Mcshane
100001231,Leticia Woods
100001232,Elizabeth Stomberg
100001233,Patricia Kelly
100001234,Roland Saar
100001235,Karen Lebron
100001236,Fernando Christenson
100001237,Marguerite White
100001238,Robert Robinson
100001239,Kathleen Nieto
100001240,Alan Chacon
100001241,Kimberly Klug
100001242,Carmen Posey
100001243,Matthew Cairns
100001244,Kathleen Butcher
100001245,Murray Klein
100001246,Christopher Sibley
100001247,Cassandra Shehan
100001248,Betty Brahm
100001249,Tammera Stevens
100001250,Walter Williams
100001251,Laurel Czajkowski
100001252,Abraham Rose
100001253,Jennifer Delong
100001254,Nora Davis
100001255,Russell Franke
100001256,Abraham Belton
100001257,John Torres
100001258,Dallas Erling
100001259,Eli Mitchel
100001260,Greg Brogdon
100001261,Albert Swink
100001262,Brad Martin
100001263,Maria Thurmond
100001264,Joe Curran
100001265,Jeffery Perkins
100001266,Amy Smith
100001267,Carl Pell
100001268,Richard Belden
100001269,Walter Magana
100001270,Patricia Rangel
100001271,Steven Nettles
100001272,Rhonda Crutchfield
100001273,Sonia Fritz
100001274,Marc Maddocks
100001275,Troy Fisher
100001276,William Moore
100001277,Eddie Roja
100001278,Berry Renyer
100001279,Juan Young
100001280,Daniel White
100001281,Dino Knight
100001282,Robert Mcdevitt
100001283,Albert Condo
100001284,Eric Clifton
100001285,Mary Gibson
100001286,Maxine Shiigi
100001287,Thomas Smith
100001288,Deanna Barger
100001289,Casandra Nolan
100001290,Crystal Evans
100001291,Benjamin Padilla
100001292,Mark Phillips
100001293,Bradley Herrera
100001294,Matthew Stewart
100001295,James Dodson
100001296,Stephen Bennett
100001297,Sandra Graham
100001298,Michelle Nix
100001299,Thea Holt
100001300,Robert Hoover
100001301,Mark Mazzone
100001302,Noel Weis
100001303,Delia Grieco
100001304,Kathleen Adams
100001305,Terry Harrison
100001306,Willie Sanford
100001307,Angelo Best
100001308,Esther Wood
100001309,Alexis Shanahan
100001310,Mitchell Schmidt
100001311,Robert Brody
100001312,Vicente Gallagher
100001313,Erika Fast
100001314,Sharon Deberry
100001315,Johnny Nowell
100001316,Brian Kelly
100001317,Lucille Corbin
100001318,Julian Ervin
100001319,Jennifer Reeves
100001320,Walter Lane
100001321,Angela Schreiber
100001322,Margarita Ballou
100001323,Carley Garman
100001324,Jeff Bustamante
100001325,Bennie Witherspoon
100001326,Eileen Taylor
100001327,Michele Blanchard
100001328,Oscar Edwards
100001329,Mildred Esquivel
100001330,Gerald Quarles
100001331,Vicki Payne
100001332,Benjamin Mario
100001333,Jose Meyer
100001334,Robert Krok
100001335,Elsie Hernandez
100001336,Ronald Mckinney
100001337,Albert Barkan
100001338,Arlene Staples
100001339,Anthony Varner
100001340,Betty Covington
100001341,Lucille Trippi
100001342,Michel Mills
100001343,Ricky Engle
100001344,Kristen Pickles
100001345,Gregory Thomas
100001346,Angela Dillon
100001347,Joan Hutcheson
100001348,Derrick Lovelace
100001349,Brandon Silva
100001350,Desiree Palmer
100001351,Valerie Sheets
100001352,Paul Ward
100001353,Thomas Mcqueeney
100001354,William Norton
100001355,Stephen Orr
100001356,Theodore Mccullough
100001357,Mary Williams
100001358,Frank Suiter
100001359,Wade Giles
100001360,Elena Collins
100001361,Andre Fuhrman
100001362,Frances Scott
100001363,Doris Landolfi
100001364,Randy Grant
100001365,Edna Gordon
100001366,Norma Marshall
100001367,Duane Watkins
100001368,Kathy David
100001369,Philip Majors
100001370,Clyde Schenk
100001371,Adam Battle
100001372,Jessica Gary
100001373,Janice Sample
100001374,Mathew Gerke
100001375,Karen Paul
100001376,Eula Parker
100001377,Don Kappeler
100001378,Nancy Anderton
100001379,Seth Jones
100001380,Juan Bosma
100001381,Salvador Lewis
100001382,Corinne Simmons
100001383,Steven Bakshi
100001384,George Morse
100001385,Charles Walcott
100001386,Fay Reese
100001387,Jenna Jackson
100001388,Randy Person
100001389,Rachel Valcourt
100001390,Thomas Phelan
100001391,Russell Taylor
100001392,Genevieve Mcmurtry
100001393,Clayton Smith
100001394,Laraine Major
100001395,John Acker
100001396,Darlene Gray
100001397,Jeffry Blake
100001398,Margaret Raney
100001399,John Gailes
100001400,Tammy Sandlan
100001401,Gregorio Ogilvie
100001402,Deanna Speer
100001403,Marilyn Cruz
100001404,Ronald Krumwiede
100001405,Terri Hatfield
100001406,Paul Calvert
100001407,Edna Brown
100001408,David Simmons
100001409,Joshua Gooding
100001410,Brad Moreno
100001411,Rae Cunningham
100001412,Mildred Haley
100001413,Linda Wolff
100001414,Julie Davis
100001415,Frances Maldonado
100001416,Greg Gow
100001417,James Hebert
100001418,Audrey Turner
100001419,Linsey Self
100001420,Timothy Cooksey
100001421,Gloria Graber
100001422,Teresa Marsden
100001423,Andrea Winters
100001424,Erin Mcalister
100001425,Maria Kendricks
100001426,Dorothy Lombardo
100001427,Patrick Perez
100001428,John Norton
100001429,Zachary Laws
100001430,Richard Foster
100001431,Amber Knotts
100001432,Tricia Martinez
100001433,Franklin Book
100001434,Lauren Kiel
100001435,Susan Epperson
100001436,Deborah Pritts
100001437,Wilbert Dux
100001438,Emily Barbee
100001439,Wayne Bamford
100001440,John Perez
100001441,Josephine Hurst
100001442,Patricia Gallaher
100001443,Dawn Reed
100001444,Garry Russell
100001445,Patricia Pier
100001446,Launa Mckibben
100001447,Frances Smith
100001448,Darrel Rogers
100001449,Annie Stanfill
100001450,Calvin Phillips
100001451,Tracy Phelps
100001452,Martha Crochet
100001453,Charles Honeywell
100001454,Grace Wagner
100001455,Jeffrey Laderman
100001456,Thomas Dunson
100001457,Marylin Fridley
100001458,Shirley Canty
100001459,Elaina Werner
100001460,Michael Moore
100001461,Julie Sutton
100001462,Carolyn Steele
100001463,Anna Ensing
100001464,David Rhodus
100001465,Debra Poteat
100001466,Robert Johnson
100001467,Helen Anders
100001468,Austin Groves
100001469,Mae Mccormick
100001470,James Shirley
100001471,Bernard Pritchett
100001472,Charles Osborn
100001473,Sandra Cano
100001474,Tamara Wood
100001475,Cecilia Shaner
100001476,Michael Oldham
100001477,Robert Rincon
100001478,Stephanie Wagner
100001479,Keisha Bryant
100001480,Anna Dininno
100001481,Cierra Partee
100001482,Ronald Byers
100001483,Dennis Davis
100001484,Frank Mitchell
100001485,Susan Sarvas
100001486,Adolfo Mova
100001487,Anne Avila
100001488,Ignacio Petrash
100001489,Betsy Townsend
100001490,Roma Hamilton
100001491,Michelle Wilkerson
100001492,Adam Dauer
100001493,Caitlin Lewis
100001494,David Vanbrunt
100001495,Stephanie Rodriguez
100001496,Nancy Boyd
100001497,Shiela Wagner
100001498,Susan Montgomery
100001499,Samantha Martin
100001500,Irene Friedman
100001501,Vickie Zwagerman
100001502,Mark Cisneros
100001503,Judith Jackson
100001504,Virginia Williams
100001505,Angelo Young
100001506,Krystal Flatt
100001507,Norman Gingras
100001508,Michael Frazier
100001509,James Gan
100001510,Ronald March
100001511,Sheri Martin
100001512,April Perez
100001513,Lisa Mainor
100001514,Dwight Dunning
100001515,Mildred Zubiate
100001516,Jimmy Johnson
100001517,James Adams
100001518,Ardis Cantu
100001519,Brian Kaiser
100001520,Norma Bruner
100001521,Stefan Theus
100001522,Juanita Hart
100001523,Patricia Summerlin
100001524,Todd Crowe
100001525,Jamie Leon
100001526,Mary Droessler
100001527,Geraldine Rapp
100001528,Kim Sutton
100001529,Eric Melillo
100001530,Mary Miner
100001531,Allen Johnson
100001532,Delores Melnick
100001533,Phyliss Sirles
100001534,Marvin Sutton
100001535,James Munoz
100001536,Elizabeth Rucker
100001537,Harold Burger
100001538,Christina Schaller
100001539,Larry Ragan
100001540,Salvador Foley
100001541,Timothy Maciasz
100001542,James Figg
100001543,Daniel Goldtrap
100001544,George Ford
100001545,Regina Lighthill
100001546,Aline Turner
100001547,Sylvia Wilson
100001548,Linda Mackinder
100001549,Monica Strickland
100001550,Bradley Haynes
100001551,Joshua Adler
100001552,Chuck Cohen
100001553,Daniel Rainwater
100001554,Kenneth Stutler
100001555,Mark Reynolds
100001556,Nicole Menze
100001557,Mellissa Scholz
100001558,Marina Hull
100001559,Amber Washington
100001560,John Williams
100001561,Orlando Mickle
100001562,Catherine Rains
100001563,Rosa Oliver
100001564,Devin Johnson
100001565,Gary Huynh
100001566,Irene Hay
100001567,Jean Schepis
100001568,Mary Turner
100001569,Anthony Gerhardt
100001570,Christina Noriega
100001571,Mary Hawes
100001572,Sylvia Sawyer
100001573,Corrine Chase
100001574,Samuel Yoo
100001575,Matthew Brown
100001576,Etta Paulk
100001577,Rubin Haggerty
100001578,Wanda Miller
100001579,Jerry Marshall
100001580,John Teruel
100001581,Brian Ryan
100001582,Michael Bledsoe
100001583,Cassie Richards
100001584,Deborah Ramos
100001585,Grant Miller
100001586,Charles Eckert
100001587,Wade Carter
100001588,Brianne Fullmer
100001589,Hazel Worden
100001590,Eugene Thomas
100001591,Doris Berhe
100001592,Tina Bentz
100001593,Geraldine Brown
100001594,Jacqueline Atkinson
100001595,Barbara Walker
100001596,Michael Waage
100001597,Teresa Kahle
100001598,Krystina Lawrence
100001599,Wilma Farrell
100001600,Jamel Hardin
100001601,Martha Ramesh
100001602,Matthew Murry
100001603,Annie Edwards
100001604,John Flores
100001605,Anthony Leahy
100001606,Carla Norville
100001607,Joseph Mcmichael
100001608,Charles Roberts
100001609,Matthew Harris
100001610,Charles Jording
100001611,Mark Aponte
100001612,Gay Price
100001613,Diane Biggs
100001614,Gil Fitts
100001615,Mary Mahajan
100001616,Christine Irvin
100001617,Bettye Gomes
100001618,Clinton Phelps
100001619,Jason Savini
100001620,John Martinez
100001621,Darwin Preston
100001622,Sylvester Charles
100001623,Patrick Jewell
100001624,Florence White
100001625,Douglas Lacy
100001626,Ann Owens
100001627,David Reynolds
100001628,Max Lovell
100001629,Tommy Yeager
100001630,Loretta Rodriquez
100001631,Patti Kilgore
100001632,Thomas Cohen
100001633,Bonnie Baker
100001634,Michael Sokoloski
100001635,Mary Beavers
100001636,Carl Kong
100001637,Michael Christie
100001638,Rosa Garcia
100001639,Alice Druvenga
100001640,Katrina Robison
100001641,Tammy Carnicelli
100001642,Peggy Battle
100001643,Mark Macgregor
100001644,Ezra Cowley
100001645,Bette Wagner
100001646,Harry Franz
100001647,Rafaela Williams
100001648,James Ice
100001649,Wesley Porter
100001650,Jeremiah Waltz
100001651,Ernest Haberman
100001652,Nicholas Rodriguez
100001653,Frank Kaupp
100001654,Stephen Moyer
100001655,Robert Marston
100001656,Patricia Tobey
100001657,Tonya Sites
100001658,Brandon Holzer
100001659,Polly Barney
100001660,William Knott
100001661,Eugene Bishop
100001662,Charles Prost
100001663,Alta Bose
100001664,Michael Meyer
100001665,Corinne Flint
100001666,Daniel Marco
100001667,Sharon Paulson
100001668,Marcia Blackwell
100001669,Michael Vanderhorst
100001670,Travis Sternberg
100001671,Joseph Danson
100001672,Peter Schad
100001673,Therese Tables
100001674,Mary Vance
100001675,Thomas Williams
100001676,Sarah Velasquez
100001677,Javier Jett
100001678,Carolyn Meyers
100001679,Molly Smith
100001680,Adrienne Madhavan
100001681,Thomas Ripley
100001682,David Gray
100001683,James Moore
100001684,John Compton
100001685,Mary Sitko
100001686,Randy Pelletier
100001687,Carl Hudak
100001688,Sabrina Gothard
100001689,Jared Scruggs
100001690,Connie Santarelli
100001691,Mary Bradford
100001692,Michelle Zevallos
100001693,Pedro Randall
100001694,Barbara Shaffer
100001695,Kenneth Thomas
100001696,Cathy Pifer
100001697,Georgia Huff
100001698,Thomas Paoletti
100001699,Adam Dodson
100001700,Tomasa Barnes
100001701,Ronald Nicolosi
100001702,Agnes Kimbler
100001703,Robert Garcia
100001704,Glenn Washington
100001705,Florence Aquino
100001706,Susan Lewis
100001707,John Duclos
100001708,Mary Borgmeyer
100001709,Raymond Hayes
100001710,Justin Slade
100001711,Randall Foster
100001712,Julie Martin
100001713,Jessica Lewis
100001714,Jesus Kugler
100001715,Elizabeth Figueroa
100001716,Kris Riddell
100001717,Andrew Jackson
100001718,Kayla Phillips
100001719,James Griffeth
100001720,Thomas Mason
100001721,Amanda Meier
100001722,Whitney Shultz
100001723,Earl Bobrow
100001724,Randall Carroll
100001725,Johnny Andress
100001726,Noel Jones
100001727,Kenya Hinton
100001728,Taylor Alves
100001729,Karen Fisher
100001730,Neil Ashe
100001731,Rose Madsen
100001732,Victor Danforth
100001733,Amber Printup
100001734,James Bridgeman
100001735,Dave Ashley
100001736,Don Singh
100001737,Lakisha Armagost
100001738,Phillip Vaughn
100001739,Andrew Lowers
100001740,Margaret Sharp
100001741,Vickie Toca
100001742,Barbara Connelly
100001743,Joan Heath
100001744,Troy Bagdon
100001745,Elisa Collini
100001746,Edward Hooten
100001747,Gina Frantz
100001748,James Bateman
100001749,Patricia Hall
100001750,William Pishko
100001751,Frank Guillory
100001752,John Tsai
100001753,Frances Fleck
100001754,Marlon Arnett
100001755,Gloria Tango
100001756,Patricia Flagg
100001757,Jose Flynn
100001758,William Charon
100001759,Kenneth Williams
100001760,Bradley Jimeson
100001761,Michael Garcia
100001762,Dean Pratka
100001763,Melody Istre
100001764,Rosa Meurer
100001765,Elliot Horning
100001766,Rubye Stone
100001767,Marie Lake
100001768,Marie Sullivan
100001769,Tracy Portela
100001770,Helen Coffin
100001771,Teresa Kling
100001772,Rhonda Mccurren
100001773,Dennis Howard
100001774,Lynn Mummey
100001775,Elizabeth Raso
100001776,Ida Hines
100001777,Joe Dion
100001778,David Cook
100001779,Jeffrey Johnson
100001780,Angelo Huber
100001781,Geoffrey Braley
100001782,Gloria Blanco
100001783,Mario Green
100001784,Preston Martin
100001785,Carmen Galaviz
100001786,Chris Charles
100001787,Martha Stapp
100001788,Patrick Runnels
100001789,Sheila Myers
100001790,Peggy Meza
100001791,Frances Seda
100001792,Steve Cromwell
100001793,Charles Thompson
100001794,Callie Ortiz
100001795,Lucienne Ser
100001796,Crystal Norris
100001797,Willie Coleman
100001798,Josephine Armstrong
100001799,Irene Pope
100001800,Leslie Goldman
100001801,Beryl Polk
100001802,Devin Wathen
100001803,Margaret Patterson
100001804,Carrol Day
100001805,Joseph Steppig
100001806,Carrie Latouche
100001807,Gordon Burkholder
100001808,Joseph Meadows
100001809,Jennifer Brown
100001810,Arthur Bates
100001811,Charmain Maddox
100001812,Shelly Golden
100001813,Caroline Baron
100001814,Herbert Pearson
100001815,Irene Ferry
100001816,Ryan Watts
100001817,Eugene Bybee
100001818,Ruth Whitehurst
100001819,Gladys Castro
100001820,Cynthia Kelly
100001821,Deanna Friel
100001822,Robert Welling
100001823,Verna Catlett
100001824,Serafina Hatter
100001825,Ralph Thomsen
100001826,Dustin Farmer
100001827,Bruce Spencer
100001828,Katie Eldridge
100001829,Mary Camper
100001830,Jose Jackson
100001831,Dawn Garrett
100001832,Daniel Burford
100001833,Brian Miller
100001834,Rich Russo
100001835,Thomas Burton
100001836,Rico Whitlow
100001837,Michelle Cumming
100001838,Leonard Martin
100001839,Ruth Bynum
100001840,William Rodriguez
100001841,Benny Aquil
100001842,Joseph Allen
100001843,Edwin Mccutcheon
100001844,Ashley Murray
100001845,Aaron Nerney
100001846,Clifford Gilbert
100001847,Arthur Lane
100001848,Mandy Hasselman
100001849,Alaine Smith
100001850,Sheila Jordan
100001851,Hubert Conde
100001852,Steve Wyrick
100001853,David Sarkin
100001854,Bruce Lowe
100001855,William Perez
100001856,Jerry Minnick
100001857,Roy Martinez
100001858,Betty Garber
100001859,Wallace Ross
100001860,Gretchen Burris
100001861,Ronald Myers
100001862,Keith Gibson
100001863,James Ramirez
100001864,James Hane
100001865,Donna Craddock
100001866,William Carrero
100001867,Angela Cook
100001868,Scott Wehrle
100001869,Cathy Elliott
100001870,James Henricks
100001871,Robert Kraft
100001872,Thomas Coberly
100001873,Curtis Edwards
100001874,Dorothy Blair
100001875,Roland Davis
100001876,Dorothy Holmes
100001877,Margie Mattera
100001878,Mark Lawrence
100001879,Angeles Cutler
100001880,Edgar Mayberry
100001881,William Brown
100001882,Margo Smith
100001883,Guy Dameron
100001884,John Koenig
100001885,Socorro Ward
100001886,Jessica Mosely
100001887,Monique Harris
100001888,John Hamilton
100001889,Eileen Stewart
100001890,Veronica Hill
100001891,Thomas Maresco
100001892,Charles Wood
100001893,Ronald Painter
100001894,George Lawrence
100001895,Andrew Nevins
100001896,Grace Fronczak
100001897,Charles Poole
100001898,Jacinto Mccaskill
100001899,Edward Robinson
100001900,Otis Saunders
100001901,Annette Parker
100001902,Marjorie Wilson
100001903,Robert Haley
100001904,Colin Adkins
100001905,John Sutton
100001906,Damon Roehl
100001907,Wesley Mitchener
100001908,Thomas Jones
100001909,Rosemarie Brooks
100001910,Peggy Swenson
100001911,Ernestina Atkins
100001912,Jackson Bennett
100001913,Jarvis Shelton
100001914,Michael Brink
100001915,Kimberly Mara
100001916,Daniel Scarlett
100001917,Mary Bonavia
100001918,Julie Martin
100001919,Dawn Knight
100001920,Lee Townsend
100001921,Ruben Tighe
100001922,Nikki Strong
100001923,Viola Welch
100001924,Juan Blevins
100001925,Shawn Branch
100001926,Douglas Leonard
100001927,Jeffrey Shorter
100001928,Juan Lewis
100001929,Judy Yurko
100001930,Carolina Skidmore
100001931,Stephanie Dunbar
100001932,Marguerite Sather
100001933,Eugene Martin
100001934,Elizabeth Luong
100001935,Lindsey Hamrick
100001936,Giuseppe Gantt
100001937,Walter Lowery
100001938,Leah Russell
100001939,Lakeisha Ragin
100001940,Jerry Giffin
100001941,Virgil Crawford
100001942,Gerald Scharf
100001943,Shannon Jacobs
100001944,Roger Manning
100001945,Donald Mitchell
100001946,Daniel Malboeuf
100001947,Kristin Newton
100001948,Tina Newman
100001949,Robert Milliner
100001950,Audrey Gray
100001951,Deborah Leanos
100001952,Adrian Arroyo
100001953,Randy Vanhoose
100001954,Sherry Lopez
100001955,Bonnie Morales
100001956,Douglas Bailey
100001957,Renetta Anderson
100001958,Thomas Walker
100001959,Candida Chaney
100001960,Jacques Phelps
100001961,Francesca George
100001962,Frances Humphrey
100001963,Edith Locher
100001964,James Harris
100001965,Rosemary Cook
100001966,Donald Doyle
100001967,Catherine Cuomo
100001968,Mary Coronado
100001969,Dale Miller
100001970,Jeffery Fitzsimmons
100001971,Julie Mattox
100001972,John Gomez
100001973,Betty Young
100001974,Joseph Braun
100001975,Eugene Osborne
100001976,Michelle Mead
100001977,Houston Counts
100001978,Hubert Molina
100001979,Morton Young
100001980,Rebecca Lucchesi
100001981,Jacob Hammonds
100001982,Travis Hood
100001983,Richard Sterling
100001984,Todd Krull
100001985,Matthew Romero
100001986,Stephen Devine
100001987,Janice Schultz
100001988,Debra Doke
100001989,Shirley Lloyd
100001990,Albert Rumble
100001991,Jeanette Black
100001992,Samantha Johnson
100001993,Ashley Vincent
100001994,Nona Devilla
100001995,Justin Paz
100001996,Aaron Clement
100001997,Tony Nelson
100001998,Charles Strickland
100001999,Jan Boatwright
100002000,Charles Keegan
100002001,Leola Brammell
100002002,Edgar Boyd
100002003,Thomas Hawk
100002004,Stanley Shaughnessy
100002005,Jesse Hardy
100002006,Karen Purpura
100002007,Steven Dec
100002008,Clemmie Fleming
100002009,Lori Brooks
100002010,James Pease
100002011,Lourdes Grier
100002012,Amy Perri
100002013,Collen Grams
100002014,Doyle Ruggles
100002015,William Moses
100002016,Angela Wedgeworth
100002017,Bernard Castillo
100002018,Philip Landeros
100002019,Rae Saylors
100002020,Judith Gregg
100002021,Albert Crum
100002022,Veda Smith
100002023,Marcus Blankenship
100002024,Thomas Herren
100002025,Neil Ferrer
100002026,Debra Mccalla
100002027,Joseph Titus
100002028,Ashley White
100002029,Jeffery Longhurst
100002030,Henry Ruiz
100002031,Joyce Coy
100002032,Lynette Mcintyre
100002033,Olga Gonzalez
100002034,Wayne Loew
100002035,John Racki
100002036,Derrick Key
100002037,Antonia Brown
100002038,Steve Schneider
100002039,Raymond Fitzloff
100002040,Christina Parson
100002041,Maria Marczak
100002042,Allen Wynne
100002043,Cynthia Mcclaren
100002044,Barbara Broderick
100002045,Adam Bourgeois
100002046,Jeffrey Rice
100002047,Brian Rudasill
100002048,Alice Calkins
100002049,Jeffrey Valenzuela
100002050,Carlos Lucas
100002051,Mario Wiedemann
100002052,James Swift
100002053,Lawrence Williams
100002054,Andre Wilder
100002055,Alice Fox
100002056,Magdalene Posner
100002057,Marjorie Williams
100002058,Clarence Woodberry
100002059,Richard Viola
100002060,Helen Roberson
100002061,Richard Klein
100002062,Larry Ross
100002063,Diana Russell
100002064,Mary Picard
100002065,Laura Nalley
100002066,Alejandro Maxwell
100002067,Patrick Jenkins
100002068,Jessica Harrigan
100002069,Orville Dale
100002070,Norbert Joyner
100002071,Sandra Herbert
100002072,Terry Snyder
100002073,Nathan Smith
100002074,David Grimm
100002075,Willie Hummel
100002076,Christopher Chico
100002077,Rocio Lyles
100002078,Arthur Canida
100002079,Howard Seymour
100002080,Bonnie Leslie
100002081,Jennifer Woodie
100002082,Gwen Rondeau
100002083,Justin Laramore
100002084,Patricia Payne
100002085,Mark Difonzo
100002086,Edward Rosenberg
100002087,Jana Larson
100002088,Richard Davis
100002089,Nadine Mims
100002090,John Joyal
100002091,Otis Blackman
100002092,Kathleen Jones
100002093,Edward Ellis
100002094,William Farmer
100002095,Larry Delagarza
100002096,John Ater
100002097,Carrol Sparks
100002098,Sarah Jones
100002099,James Marter
100002100,Beverly Weber
100002101,Jack Rodriguez
100002102,Talisha Hardin
100002103,Tammy Waldo
100002104,Thomas Nicholson
100002105,Robert Thomas
100002106,Joshua Congrove
100002107,Celia Flanagan
100002108,Juanita Deluna
100002109,Luisa Lee
100002110,Amanda Swint
100002111,Sharon Gunther
100002112,Edward Jacobs
100002113,Kevin Cleveland
100002114,Holly Rose
100002115,Harold Yetsko
100002116,Mary Anaya
100002117,Jessica Colquitt
100002118,Arnold Duncan
100002119,Micheal Wright
100002120,Elisabeth Domingues
100002121,John Young
100002122,Peggy Derrick
100002123,Alex Turner
100002124,Charles Murray
100002125,Raul Hanisch
100002126,Sharon Molino
100002127,Alan Moyes
100002128,Dorothy Reed
100002129,Noah Moore
100002130,Leonard Brown
100002131,Billy Fischer
100002132,Francis Burke
100002133,Alan Ybarra
100002134,Sidney Ireland
100002135,Penelope Jackson
100002136,Toni Guyton
100002137,Logan Ortiz
100002138,Don Thompson
100002139,Evelyn Bommarito
100002140,Jeanette Murphy
100002141,Ben Smith
100002142,Herminia Dyer
100002143,Scott Meyers
100002144,Tracie Hoff
100002145,Bruce Stewart
100002146,Joanne Bumgarner
100002147,Naomi Durnin
100002148,Ashley Rude
100002149,Guy Crabtree
100002150,Dianne William
100002151,Ann Lengerich
100002152,Danny Mages
100002153,David Carter
100002154,Rafael French
100002155,Benjamin Miller
100002156,Woodrow Ramirez
100002157,Jarred Mckeown
100002158,Janet Becker
100002159,Richard Kettl
100002160,Daniel Franco
100002161,Lindsay Dupre
100002162,Michael Latson
100002163,Lee Howard
100002164,Jacqueline Spalding
100002165,Gertrude Inman
100002166,Russell Rabago
100002167,Helen Schaal
100002168,Mary Green
100002169,Richard Ramos
100002170,Donald Brauner
100002171,Lyle Althoff
100002172,Daniel Seals
100002173,Eric Peterson
100002174,Bianca Spencer
100002175,Joseph Perez
100002176,Martha Turpin
100002177,Shane Rodriquez
100002178,Michelle Milburn
100002179,Odis Williams
100002180,Mary Sipes
100002181,Ester Owens
100002182,Dexter Brito
100002183,Kathleen Mcclane
100002184,Grady White
100002185,Julia Cruzan
100002186,Carolyn Jackson
100002187,Edward Mccallister
100002188,Brad Sullivan
100002189,George Banick
100002190,Allison Ellis
100002191,Jerry Martinez
100002192,Deborah Ivy
100002193,Mary Box
100002194,Timothy Thier
100002195,Laura Rutland
100002196,Joseph Davidson
100002197,Ann Brooks
100002198,Rebecca Moore
100002199,Willie Colace
100002200,Roger Uitz
100002201,Evelyn Williams
100002202,Mary Juan
100002203,Blanche Perez
100002204,Mary Purvis
100002205,Daniel Clarke
100002206,Teddy Macareno
100002207,Carlton Richardson
100002208,Craig Boggs
100002209,Mayme Pena
100002210,Marcus Jones
100002211,Jane Johnson
100002212,James Terrell
100002213,Christina Davis
100002214,Willie Weeks
100002215,Thomas Cardello
100002216,Anthony Morales
100002217,Stephen Peeples
100002218,James Killeagle
100002219,Scott Polk
100002220,Pablo Snyder
100002221,Charles Harris
100002222,Ronald Nestor
100002223,Art Miller
100002224,Mary Lawerence
100002225,Dee Brooks
100002226,Diane Boesen
100002227,Jerome Lisowski
100002228,Holly Orefice
100002229,Jennifer Robinson
100002230,Elizabeth Kline
100002231,Sarah Lee
100002232,Bernice Pierson
100002233,William Gallagher
100002234,Cindy Irwin
100002235,Josephine Harmon
100002236,Georgina Tanner
100002237,Bryan Moon
100002238,Tyrone Munson
100002239,Amanda Searle
100002240,Alice Harris
100002241,Jennie Brown
100002242,Linda Lee
100002243,Carrie Greene
100002244,Christopher Sharon
100002245,Edward Rowland
100002246,Ronald Pickering
100002247,Milton Staton
100002248,Gabriel Perry
100002249,Darla Schwenke
100002250,Michelle Benjamin
100002251,William Henderson
100002252,Ona Olson
100002253,Edward York
100002254,Gary Woo
100002255,Cynthia Eldridge
100002256,Sandy Gadberry
100002257,Lucia Solis
100002258,Rachel Reynolds
100002259,Charles Thomas
100002260,Shelly Brinkley
100002261,Andrew Robinson
100002262,Beau Mcdonald
100002263,Bobby Mendez
100002264,Thomas Beckstead
100002265,Susan Allen
100002266,Leslie Spain
100002267,Kimberly Rosado
100002268,Mark Casillas
100002269,Jayne Hillebrandt
100002270,Jason Gottlieb
100002271,Ernest Obrien
100002272,Phillis Foster
100002273,James Harris
100002274,Barbara Holman
100002275,Brent Lang
100002276,Robert Rogers
100002277,Courtney Ford
100002278,James Tucker
100002279,Marilyn Hines
100002280,Jordan Warner
100002281,Brady Eddinger
100002282,Arline Manriquez
100002283,Rena Knoy
100002284,Amy Stickles
100002285,Stephanie Staley
100002286,Frederick Montgomery
100002287,Mildred Brown
100002288,Veronica Edwards
100002289,Francis Smith
100002290,Lynn Rocha
100002291,Sharon Bannerman
100002292,Stephen Gray
100002293,Curtis Hughes
100002294,Jaime Lederer
100002295,Cesar Hogan
100002296,Nichole Hernandez
100002297,Mary Brown
100002298,David Wright
100002299,Cheryl Wright
100002300,Robert Smith
100002301,Juli Sartwell
100002302,Samuel Teasley
100002303,Kent Marshall
100002304,James Ahner
100002305,Casey Daily
100002306,Sally Merrill
100002307,Opal Riles
100002308,Mabel Gabriel
100002309,Alex Dieppa
100002310,Crystal Young
100002311,Kathleen Buckner
100002312,Gregory Butterfield
100002313,John Sampieri
100002314,Bill Renfrow
100002315,Michael Baird
100002316,Bradley Lightner
100002317,Mary Weaver
100002318,Gloria Ballard
100002319,Brian Tilley
100002320,Karen Crass
100002321,Charles Caudillo
100002322,Jaime Lofgren
100002323,Frederick Vance
100002324,Deanna Sanchez
100002325,Wayne Nelson
100002326,Shaun Mattos
100002327,Annie Schell
100002328,Nicolas Keith
100002329,Ruth Osburn
100002330,John Fletcher
100002331,Marsha Purser
100002332,Lillian Anderson
100002333,Rita Marks
100002334,Rosemary Corbett
100002335,Kevin Royster
100002336,Lawrence Bogan
100002337,Joseph Hammock
100002338,Latashia Sams
100002339,David Mccormick
100002340,Florence Talmadge
100002341,Oscar Daley
100002342,Michael Hopper
100002343,Gertrude Charron
100002344,Agustin Moran
100002345,Joseph Gaddie
100002346,Sidney Henderson
100002347,Lorrie Kostrzewa
100002348,Bernard Olson
100002349,Lynne Crowe
100002350,Linda Branch
100002351,Dewayne Welch
100002352,Frances Pearson
100002353,Russell Rodgers
100002354,Susana Weaver
100002355,Mary Wilson
100002356,Gary Kaplan
100002357,John Krieg
100002358,Delbert Osullivan
100002359,William Elizarraras
100002360,Deana Johnson
100002361,Ruth Simmons
100002362,James Laroche
100002363,Patricia Hammond
100002364,Shannon Wright
100002365,Diana Jondle
100002366,Mary Dias
100002367,Stephanie Smith
100002368,John Mcclard
100002369,Charles Raymond
100002370,Victoria Arra
100002371,Theresa Terry
100002372,Jackie Gerth
100002373,Dennis Fu
100002374,Danette Bennett
100002375,Jake Bigelow
100002376,James Butler
100002377,Claudia Nesby
100002378,Justin Shakir
100002379,Bonnie Bowe
100002380,Hugo Vega
100002381,Bonnie Kimbrough
100002382,Gale Holloway
100002383,Herman Orem
100002384,Allie Arnold
100002385,James Scheffler
100002386,Gladys Devine
100002387,Larry Vix
100002388,Betty Ghent
100002389,James Gladden
100002390,Gregory Feliciano
100002391,Gerald Matthews
100002392,Elizabeth Spencer
100002393,Tamara Robinson
100002394,Paul Drummond
100002395,Mary Corman
100002396,Andrew Colter
100002397,Vance Borg
100002398,Jerome Gullo
100002399,Katherine Andrews
100002400,Michael Mason
100002401,Tracy Reed
100002402,Brenda Caldwell
100002403,Curtis Martinez
100002404,Charles Rahm
100002405,Gary Colbert
100002406,Stacy Studivant
100002407,Rosalyn Jones
100002408,Nancy Deslauriers
100002409,Carol Fitts
100002410,Timothy Dickson
100002411,Jeffery Finkelstein
100002412,Edward Metzger
100002413,Richie Giannavola
100002414,Leonard Machin
100002415,Lara Loeffel
100002416,Billy Roderick
100002417,David Snider
100002418,Tara Mumm
100002419,Willie Stewart
100002420,Carly Lasher
100002421,Linda Lietzke
100002422,Dorothy Felix
100002423,Alice Keiss
100002424,Kate Gray
100002425,Mary Johnson
100002426,Eric Cotter
100002427,Robert Flores
100002428,Cassandra Sepe
100002429,Cynthia Dominguez
100002430,Robert Seever
100002431,James Bondurant
100002432,Robert Miller
100002433,Mary Allen
100002434,Trevor Stahl
100002435,Karen Marshall
100002436,Brian Wahlstrom
100002437,Ophelia Feldman
100002438,Roger Innocent
100002439,Mary Patterson
100002440,Katie Dell
100002441,Janet Rock
100002442,Ryan Sheldon
100002443,Sheila Mcdonough
100002444,Ronald Ringer
100002445,Debra Doleman
100002446,Cristine Gregory
100002447,John Stewart
100002448,Sol Kirk
100002449,Pauline Spiess
100002450,Eric Parker
100002451,Floyd Haynesworth
100002452,Stanley Smith
100002453,Paul Carroll
100002454,Francisco Wolff
100002455,Laurie Shelton
100002456,Martin Sudbury
100002457,Roy Giordano
100002458,Arlen Fleming
100002459,Shannon Wood
100002460,Robert Smith
100002461,Trula Gatlin
100002462,Robert Edmondson
100002463,Maxine Velasquez
100002464,Brenda Greer
100002465,James Pitman
100002466,Carol Hughes
100002467,Jospeh Lardizabal
100002468,Barry Shaffer
100002469,Na Well
100002470,Erika Hebert
100002471,Sheila Josilowsky
100002472,Michael Sigler
100002473,Willie Conner
100002474,Erica Rylee
100002475,Vernice Barnwell
100002476,Pablo Helton
100002477,Thomas Nyberg
100002478,Norma Calvillo
100002479,Lawrence Williams
100002480,Winnie Guers
100002481,Jerry Williams
100002482,Genna Wykes
100002483,Jeremiah Kearse
100002484,Mary Henry
100002485,Jamie Pumphrey
100002486,Gary Kedzierski
100002487,Bobbie Benedetto
100002488,Mildred Spillman
100002489,Jacqueline Althouse
100002490,Shirley Shoemaker
100002491,Frank Coughlin
100002492,Guadalupe Gegenheimer
100002493,Deborah Alessandroni
100002494,Ella Banks
100002495,Edward Leitner
100002496,Jon Taveras
100002497,Thomas Roberts
100002498,Elizabeth Vandevelde
100002499,Linda Guillette
100002500,Brandon Gonzalez
100002501,Susan Parks
100002502,Jesse Ollendick
100002503,George Schroer
100002504,Phil King
100002505,Mary Walker
100002506,Charles Lorenz
100002507,George Pearson
100002508,Elouise Carlson
100002509,Barbara Mohr
100002510,Mary Sparkman
100002511,Maria Howe
100002512,Kevin Duran
100002513,William Robbins
100002514,Craig Greer
100002515,Linda Cook
100002516,Thelma Davis
100002517,Junior Mcgee
100002518,Jesse Mcclanahan
100002519,Lola Guerrero
100002520,Donna Prinz
100002521,Jose Roach
100002522,Dina Lemen
100002523,Anthony Rodriguez
100002524,Dorothy Jones
100002525,Betty Lovett
100002526,Mary Turner
100002527,Steve Morris
100002528,Mae Villareal
100002529,Sandra Shin
100002530,Joshua Ferland
100002531,Ted Clark
100002532,Devin Chabez
100002533,Dawn Mcdonough
100002534,Tiffanie Redding
100002535,Angela Brothers
100002536,Shawn Culbreath
100002537,Tamara Castro
100002538,Mary Baker
100002539,Chris Wall
100002540,Paul Johnson
100002541,Allen Reno
100002542,Christopher Rowe
100002543,Armando Dalton
100002544,Linda Gregory
100002545,Nancy Johnson
100002546,Michael Walker
100002547,Helen Caras
100002548,Jodee Allen
100002549,Heidi Lawrence
100002550,Devon Duffy
100002551,Jennifer Stonis
100002552,Kevin Mason
100002553,Phyllis Metzger
100002554,Emily Pottinger
100002555,Scott Ray
100002556,Jeffry Kodadek
100002557,Jean Sorrell
100002558,April Bolen
100002559,Suzanne Buttner
100002560,Maureen Whittaker
100002561,Carol Guzman
100002562,Bethany Johnson
100002563,Kevin Kramer
100002564,Shelley Michael
100002565,Ofelia Sherwin
100002566,Marco Petty
100002567,Bernadine Short
100002568,Robyn Taylor
100002569,Sandra Labruzzo
100002570,Patricia Kehoe
100002571,Edward Krag
100002572,Bennie Sigler
100002573,Princess Lewis
100002574,Freddie Roberts
100002575,Van Firestine
100002576,Charles Roybal
100002577,Misty Cho
100002578,Emma Anderson
100002579,Sharon Dews
100002580,Tonya Koenig
100002581,Dorothy Cox
100002582,Lucille Ray
100002583,Dinah Abraham
100002584,Lisha Schiano
100002585,Herbert Braley
100002586,Delores Osman
100002587,Justin Austin
100002588,Jerrod Friedman
100002589,Marva Gutierrez
100002590,Thomas Vasquez
100002591,Betty Ruffo
100002592,Adam Rice
100002593,Jerry Meek
100002594,Reynaldo Johnson
100002595,George Webster
100002596,Sandra Sampson
100002597,Linda Jemerson
100002598,Candice Wheatley
100002599,John Timmons
100002600,Randall Scheffler
100002601,Kathryn Lopez
100002602,Helen Muse
100002603,Christopher Congleton
100002604,Clifton White
100002605,Juan Miller
100002606,Daniel Welty
100002607,Jerome Davis
100002608,Joanne Hartman
100002609,Dora Papa
100002610,Abdul Martin
100002611,Leigh Dominick
100002612,Margaret Taylor
100002613,Robert Ortiz
100002614,Marta Grissett
100002615,Dan Flanagan
100002616,Jennifer Rodriguez
100002617,Allen Binns
100002618,Willard Perez
100002619,William Pearson
100002620,Rose Johnson
100002621,Margarito Wilson
100002622,Charles Morgan
100002623,Richard Simpson
100002624,Darren Mercer
100002625,Althea Austin
100002626,Linda Smith
100002627,Saul Mccloud
100002628,Teresa Patel
100002629,Rosalind Kowalik
100002630,Rose Osborne
100002631,Jane Dyke
100002632,Camille Kinney
100002633,Lee Sias
100002634,Dorothy Swartout
100002635,Ellis Robotham
100002636,Rupert Irion
100002637,Charles Martin
100002638,Doyle Strunk
100002639,John Thompson
100002640,Joseph Absher
100002641,Sandra Hughes
100002642,Holly Phillips
100002643,Magdalene Bush
100002644,Debbie Gillispie
100002645,Kimberly Lowder
100002646,Paul Gonzalez
100002647,Evelyn Soliz
100002648,Victoria Johns
100002649,Walter Vieira
100002650,Ruby Young
100002651,Harris Rodriquez
100002652,Joe Cunningham
100002653,Nicole Daddario
100002654,Christopher Little
100002655,Julian Jenkins
100002656,Virginia Fajardo
100002657,Lionel Golliday
100002658,Ray Curry
100002659,Delphia Morris
100002660,Ruby Swearingen
100002661,Bernice Grant
100002662,Rachel Hendryx
100002663,Shirley Baeza
100002664,Ira Smith
100002665,John Temple
100002666,Sarah Everhart
100002667,Shawn Hunt
100002668,Christine Fanelli
100002669,Fernando West
100002670,Diane Mcgill
100002671,Berenice Baker
100002672,Kathy Pospisil
100002673,William Casey
100002674,Ryan Rochford
100002675,Christine Garza
100002676,Joseph Black
100002677,Andrew Beveridge
100002678,Thomas Harder
100002679,Emily Mcbride
100002680,Larry Anderson
100002681,Dessie Dalton
100002682,Michael Vargas
100002683,Donald Moran
100002684,Gene Sperrey
100002685,Sherie Cantrell
100002686,Andrew Conaway
100002687,Virginia Nelson
100002688,Thomas Wilson
100002689,Destiny Talbot
100002690,Jennifer Leftwich
100002691,Patricia Mugrage
100002692,Erin Reed
100002693,Karen Murphey
100002694,Debbra Watts
100002695,Melissa Lory
100002696,Maria Pierce
100002697,Linda Barker
100002698,Kristy Peters
100002699,Marvin Auckerman
100002700,Bryan Collins
100002701,Desiree Estrella
100002702,Joseph Churchill
100002703,Sandy Huntington
100002704,Angel Carter
100002705,Mary Espinoza
100002706,Veronica Stein
100002707,Ashlea Blackburn
100002708,Donald Burch
100002709,Carlota Winfield
100002710,James Cotton
100002711,Tammy Cunningham
100002712,Harriet Johnson
100002713,Kimberly Kessler
100002714,Amy Johnson
100002715,Nancy Williams
100002716,Vanessa Bekis
100002717,Nettie Becker
100002718,Peter Bergeron
100002719,Fannie Musgrave
100002720,Linda Geimer
100002721,Steve Gee
100002722,Rex Lavigne
100002723,Mollie Carter
100002724,Sharon Laplante
100002725,Daniel Bolden
100002726,Jason Keeter
100002727,Carol Holmes
100002728,Rebecca Davis
100002729,Linda White
100002730,Raymond Jacobson
100002731,Derek Williams
100002732,Curtis Cunningham
100002733,James Rivera
100002734,Jimmie Robinson
100002735,Roxanne Mitchell
100002736,Allen Burton
100002737,Ashley Speir
100002738,Jeffrey Hand
100002739,Curtis Merrill
100002740,Sally Baily
100002741,Charlotte Do
100002742,Todd Lotzer
100002743,Marlon Dipaola
100002744,Jerry Clarke
100002745,Marvin Bailey
100002746,Esther Dement
100002747,Candy Ugalde
100002748,Jay Hardy
100002749,Stephen Camara
100002750,Sally Guinasso
100002751,Bryan Oldenkamp
100002752,Renee Martz
100002753,Idella Case
100002754,Ruth Brooks
100002755,Beatrice Hemphill
100002756,Derrick Copple
100002757,Brooke Guajardo
100002758,Ollie Christian
100002759,Wilson Brown
100002760,Adam Flores
100002761,Ema Lusk
100002762,Barry Sera
100002763,Belinda Mccrudden
100002764,Marvin Mcrae
100002765,Ronald Fletcher
100002766,Jason Durate
100002767,Doreen Omersa
100002768,Matthew Mckim
100002769,Danielle Wallace
100002770,Suzette Anderson
100002771,Michelle Jason
100002772,Amanda Snider
100002773,Sandy Williams
100002774,Alma Aceuedo
100002775,Robert Ring
100002776,Thomas Mcgill
100002777,Richard Leiby
100002778,William Robinson
100002779,Maria Lemke
100002780,William Covert
100002781,Annabelle Snodgrass
100002782,Kari Lafontaine
100002783,Dawn Spink
100002784,Susan Moore
100002785,Carrol Calk
100002786,Lindsey Dipaola
100002787,Vergie Eagen
100002788,Guadalupe Harmon
100002789,Lottie Debarros
100002790,Willie Anderson
100002791,Micheal Kilcrest
100002792,Jose Battle
100002793,Aaron Butler
100002794,David Harrell
100002795,Travis Mcclain
100002796,James Gardiner
100002797,Glen Falkowski
100002798,Camilla Daughrity
100002799,Gilbert Couture
100002800,Patrick Harris
100002801,Barbara Harris
100002802,Earl Khoury
100002803,Michael Godeaux
100002804,Andrew Delisi
100002805,Curtis Carlson
100002806,Neal Hinojosa
100002807,Kathleen Heister
100002808,Robert Fisher
100002809,Benita Page
100002810,Mathew Hudgins
100002811,Mary Kazarian
100002812,Crystal Carlisle
100002813,Marie Brooks
100002814,Margie Pilkington
100002815,Andrew Ruppe
100002816,Norma Mervyn
100002817,Margaret Gumbs
100002818,John Lacomb
100002819,Marie Martin
100002820,Linda Rega
100002821,Teresa Oberst
100002822,Daisy Pierson
100002823,Gerald Patterson
100002824,Brent Sevillano
100002825,Tanya Gardner
100002826,Manuel Coleman
100002827,Vincent Garcia
100002828,Jason Roger
100002829,Gertrude Shipley
100002830,Blair Escobedo
100002831,Nicole Rivera
100002832,Britt Halton
100002833,Lisa Pennington
100002834,Richard Dashner
100002835,Aurora Price
100002836,Elizabeth Smith
100002837,Herman Konopka
100002838,Robert Foster
100002839,Charles Page
100002840,Travis Hinojosa
100002841,Stacy Nieves
100002842,Darrell Watts
100002843,Cindy Dyer
100002844,Andre Gulbranson
100002845,Maria Faul
100002846,Felix Nass
100002847,Melinda Niedringhaus
100002848,Kenneth Nadeau
100002849,Michael Thomason
100002850,Mary Daniels
100002851,Gilda Luna
100002852,Jeremy Wilson
100002853,Patricia Atchinson
100002854,Thomas Juelfs
100002855,Kellie Trotman
100002856,Patrick Brewster
100002857,Theresa Stalker
100002858,Nathaniel Perez
100002859,Johnny Meyer
100002860,Cynthia King
100002861,Darren Laws
100002862,Robert Ventura
100002863,Martin Toledo
100002864,Shirley Dina
100002865,Sarah Carver
100002866,Kathryn Johnson
100002867,Stephen Mancuso
100002868,Laurel Tennies
100002869,Larry Chambers
100002870,Jan Lindsey
100002871,Mary Layton
100002872,Lisa English
100002873,Kristopher Briggs
100002874,Becky Greco
100002875,Mary Parker
100002876,Lashunda Valenzuela
100002877,Rosalind Odermott
100002878,Thomas Miller
100002879,James Engler
100002880,Cyrstal Carlson
100002881,Mark Brown
100002882,Mary Consla
100002883,Carolyn Ball
100002884,Ryan Miller
100002885,James Wagner
100002886,Chad Kale
100002887,Brandon Kiley
100002888,Tomas Orwig
100002889,Christopher Taylor
100002890,Daniel Osborn
100002891,Duane Sanders
100002892,Cary Moore
100002893,Lillian Garkow
100002894,Daniel Shah
100002895,Ricky Lee
100002896,Warren Toombs
100002897,Bronwyn Kelly
100002898,Thomas Arsenault
100002899,Donald Saez
100002900,Thomas Krauss
100002901,Terry West
100002902,Sarah Velarde
100002903,Frederick Flaim
100002904,Helen Hofmann
100002905,Rolanda Webb
100002906,April Deboard
100002907,Noel Ballard
100002908,Bradley Holloway
100002909,Thelma Dill
100002910,Jimmy Vanderburg
100002911,Robert Hicks
100002912,Donald Smith
100002913,Hilda Anderson
100002914,Georgia Sisto
100002915,Hector Woodruff
100002916,Erin Williams
100002917,Pearl Halcomb
100002918,John Cardiel
100002919,May Depner
100002920,Lon Orr
100002921,Peter Stanley
100002922,Mark Wright
100002923,Robyn Kahn
100002924,Dawn Harrison
100002925,Robert Dell
100002926,Joelle Richburg
100002927,Tyson Lipford
100002928,Bruce Kearney
100002929,Nicholas Burt
100002930,Dorthy Lepore
100002931,Betty Lewis
100002932,Justin Hutchinson
100002933,George Yu
100002934,Brandy Hofstetter
100002935,Marla Duggan
100002936,Pamella Chandler
100002937,Christopher Phillips
100002938,Peter Hilker
100002939,Marcus Ramirez
100002940,Ervin Stevens
100002941,Ellen Voelker
100002942,Steven Micheau
100002943,Nathaniel Morgan
100002944,Valerie Estey
100002945,Lamar Don
100002946,Kristy Sanchez
100002947,Jackie Eller
100002948,Nathan Darrell
100002949,Gina Cainne
100002950,Alton Barrett
100002951,Alyssa Ollendick
100002952,Seth Whitney
100002953,Mary Whaley
100002954,Margaret Murray
100002955,Harriet King
100002956,Rachel Peters
100002957,Patricia Westphalen
100002958,William Lazaroff
100002959,Arlene Miller
100002960,Frank Moore
100002961,Marie Peterson
100002962,Zella Lee
100002963,Hector Luckow
100002964,Kerry Castro
100002965,Christian Morgia
100002966,Robert Jenkins
100002967,Jerry Flores
100002968,Larry Martinez
100002969,Rosie Clark
100002970,Robert Gonsalves
100002971,Mary Bailey
100002972,Wiley Kramer
100002973,Jeannette Waugh
100002974,Kristin Daniels
100002975,Donald Soto
100002976,Sidney Buffington
100002977,Leona Perez
100002978,Michael Hill
100002979,Mary Schmidt
100002980,Richard Ramirez
100002981,Rhonda Spencer
100002982,Ryan Murphy
100002983,Andy Cabrera
100002984,Nicholas Ashley
100002985,Joanne Allen
100002986,Kenneth Jones
100002987,Laura Holley
100002988,Lillian Holman
100002989,William Bristol
100002990,Dong Alam
100002991,Scott Carpenter
100002992,Laurence Jackson
100002993,Martha Craft
100002994,Charles Warren
100002995,Cecil Gilderman
100002996,Anne Luongo
100002997,Shari Martin
100002998,Robert Brew
100002999,Patricia Smith
100003000,Ellen Wilson
100003001,Geneva Roorda
100003002,Jacob Snell
100003003,Marvin Goodman
100003004,Mark Urman
100003005,Debra Ballard
100003006,Harold Pinera
100003007,Daniel Rogers
100003008,Cynthia Combs
100003009,Bert Hart
100003010,Henry Swayzer
100003011,Arline Kirby
100003012,Shirley Moran
100003013,Brian Fowler
100003014,Manuel Washington
100003015,Charles Mance
100003016,Andrea Hill
100003017,Chelsey Harris
100003018,Sarah Mabrey
100003019,Leona Todd
100003020,Sheila Nunley
100003021,Michael Kuehl
100003022,Ian Berrios
100003023,Louise Holloway
100003024,Sheila Alquisira
100003025,Kurt Gonzalez
100003026,Debbie Waters
100003027,James Anderson
100003028,John Walker
100003029,Victor Cornell
100003030,Gilbert Gutierrez
100003031,Jason Jones
100003032,Jenny Mcneely
100003033,James Cortez
100003034,Cindy Lynch
100003035,Daniel Johnson
100003036,Denise Dalton
100003037,Kevin Folger
100003038,Katie Cortez
100003039,Kirk Lightner
100003040,Cynthia Schafer
100003041,Duane Bauer
100003042,William Villa
100003043,Cassandra Ortega
100003044,George Fuller
100003045,George Sacarello
100003046,Jackie Long
100003047,Jacqueline Betance
100003048,Lindsay Rena
100003049,Denise Green
100003050,Caroline Underhill
100003051,Annie Cook
100003052,Shelton Edmisten
100003053,Keri Green
100003054,Jason Wilson
100003055,Peggy Smith
100003056,Cornelius Lybert
100003057,Frank Rainey
100003058,John Roach
100003059,Veronica Tanenbaum
100003060,William Krause
100003061,Isidro Smith
100003062,Tommy Wilkerson
100003063,Ella Eggers
100003064,Gregory Desilva
100003065,Suzanne Sedlacek
100003066,David Scurry
100003067,Michael Geiger
100003068,Gilbert Durham
100003069,Norman Hernandez
100003070,Theresa Cox
100003071,Darwin Brown
100003072,Donna Anderson
100003073,Cleo Garner
100003074,Norman Thompson
100003075,Ray Moore
100003076,Tamica Reynolds
100003077,Carmen Workman
100003078,Michael Evans
100003079,Kaila Corbin
100003080,Joseph Gore
100003081,Violet Sugar
100003082,Dora Galvis
100003083,Ora Talbott
100003084,Leah Thompson
100003085,Arthur Peters
100003086,Shirley Guillot
100003087,Daniel Kerr
100003088,Joseph Bowman
100003089,Leticia Wentz
100003090,Virginia Conner
100003091,Erika Jarvis
100003092,Jeffrey Skidmore
100003093,Nicholas Johns
100003094,Carole Pinilla
100003095,Bertha Mcclure
100003096,Tyler Johns
100003097,Robert Davisson
100003098,Courtney Hankins
100003099,Nita Colone
100003100,Douglas Madry
100003101,Donald Fagundes
100003102,April Warren
100003103,Delores Leonhardt
100003104,Carrie Lambert
100003105,Candelaria Wooldridge
100003106,Phillip Bashaw
100003107,Randy Pinckney
100003108,Karen Clark
100003109,Albert Teel
100003110,Jack Walsh
100003111,Mildred Hopkins
100003112,Madeleine Browers
100003113,Reyes Gill
100003114,Arthur Sims
100003115,Rosalinda Gregory
100003116,Andrew Garrett
100003117,Russell Thach
100003118,Max Sanford
100003119,Virginia Vetter
100003120,Burt Taylor
100003121,Richard Boyd
100003122,Paul Bowling
100003123,William Kim
100003124,Theresa Mcmann
100003125,Phillis Lauritsen
100003126,Paul Delisio
100003127,Maria Keim
100003128,Joseph Smith
100003129,Mathew Herzberg
100003130,Mary Floyd
100003131,Brian Makin
100003132,Isabelle Wright
100003133,Leeann Bassett
100003134,Joseph Patterson
100003135,Heather Barrera
100003136,Sterling Markle
100003137,Juanita Phillips
100003138,Michael Pipes
100003139,Barbara Edgar
100003140,Kirk Stearns
100003141,Janet Shan
100003142,Charlene Smith
100003143,Allen Crochet
100003144,Brenda Cohen
100003145,Virginia Fujii
100003146,Pedro Heath
100003147,Nina Marcum
100003148,Jennifer Nelson
100003149,Alexandria Hisaw
100003150,Anthony Young
100003151,Randall Brush
100003152,Judy Harrel
100003153,Catherine Cantu
100003154,Tracy Gajeski
100003155,Danita Johnson
100003156,Michaela Stachowiak
100003157,Enrique Seawright
100003158,Mary Payne
100003159,Helen Kosloski
100003160,Doris Booker
100003161,Sarah Bryant
100003162,Lola Gongora
100003163,Rosemary Daniels
100003164,John Carleton
100003165,William Oneal
100003166,Ashley Falcone
100003167,Edward Gidney
100003168,Glen Schreimann
100003169,Albert Galicia
100003170,Toby Ferry
100003171,Tom Schneider
100003172,Stephanie Alexander
100003173,Carolyn Quarles
100003174,Richard Nieto
100003175,Margaret Stellmacher
100003176,Geneva Smith
100003177,Dwight Robledo
100003178,Cheryl Scerra
100003179,Sally Trujillo
100003180,Jennifer Flores
100003181,Adelaide Buckles
100003182,Genevieve Tyson
100003183,Margarete Pilkington
100003184,Beverly Kwiecien
100003185,Antonio Brookhouse
100003186,Ursula Watts
100003187,Dennis Crimi
100003188,Marianne Jackson
100003189,Willie Mancini
100003190,Shawna Schneider
100003191,Beulah Messenger
100003192,Timothy Hall
100003193,Jeffrey Allen
100003194,Maria Potter
100003195,Bradley Ugarte
100003196,Dennis Cairone
100003197,Diane Christy
100003198,Germaine Oconner
100003199,Max Ayers
100003200,William Floyd
100003201,Maria North
100003202,Sherry King
100003203,Patricia Siler
100003204,Adrienne Lampkin
100003205,James Clair
100003206,Michael Murray
100003207,Brook Jasper
100003208,Linda Elliott
100003209,Keith Hall
100003210,Michael Galbraith
100003211,Brian Green
100003212,Betty Gould
100003213,Rhonda Amyotte
100003214,Mark Clayton
100003215,Ruth Puckett
100003216,Hoa Moffett
100003217,Ross Munoz
100003218,Renee Hafer
100003219,Alan Burris
100003220,Ellen Goode
100003221,Jeffery Mize
100003222,Denise Walker
100003223,Sandra Hayes
100003224,Ronald Gardner
100003225,James Diemer
100003226,Derek Grover
100003227,Chantell Mcluen
100003228,Elizabeth Hedlund
100003229,Wendy Moreno
100003230,Ronald Heister
100003231,Janet White
100003232,Kathy Sanders
100003233,John Miller
100003234,Dennis Flinchum
100003235,Rachel Mcleod
100003236,Patricia Brooks
100003237,Lee Niebuhr
100003238,Adam Vitt
100003239,Mary Deleon
100003240,Sarah Fritz
100003241,Tammara Gamboa
100003242,Adam Fisher
100003243,Lynn Garcia
100003244,Mildred Skelton
100003245,Ronald Harrison
100003246,Walter Jones
100003247,Timothy Dunn
100003248,Helen Liddell
100003249,Katrina Salinas
100003250,Phil Mcmichael
100003251,Clara Hocutt
100003252,Stephen Tate
100003253,Ronald Chisholm
100003254,Christi Burgess
100003255,Mary Peery
100003256,Odis Fields
100003257,Alba Smith
100003258,Alyssa Chon
100003259,Angelina Payne
100003260,George Mcgee
100003261,Mary Smith
100003262,Wanda Mcpherson
100003263,Bradford Carrasco
100003264,Kimberly Parrott
100003265,Nicholas Park
100003266,James Cloyd
100003267,Era Moore
100003268,Ken Allen
100003269,Stephen Ontiveros
100003270,William Reid
100003271,Rachel Parks
100003272,Rodney Norberg
100003273,Nicole Halfhill
100003274,Orlando Brand
100003275,Richard Boehman
100003276,Steven Keogh
100003277,Paul Juarez
100003278,Jack Salmon
100003279,Dawn Vanwoert
100003280,Alice Lampe
100003281,Fredrick Ritchie
100003282,Raquel Mills
100003283,Jean Mccray
100003284,Roberta Schwartz
100003285,Stephen Mathis
100003286,Joni Norman
100003287,Gillian Murdy
100003288,Pamela Hinde
100003289,Jeffrey Babbitt
100003290,Alesia Rosasco
100003291,Dawn Barker
100003292,Jeanne Hill
100003293,Linda Brunkhorst
100003294,Dorothy Hernandez
100003295,Donald Davies
100003296,Jennifer Hux
100003297,Juana Pearcy
100003298,Carolyn Sims
100003299,Jeffrey Morales
100003300,Jose Carlson
100003301,William Bozeman
100003302,Alex Woodbury
100003303,Ronald Mitchell
100003304,Ella Harrison
100003305,Vera Bandy
100003306,Pauline Hossler
100003307,Joey Roop
100003308,Robert Nettles
100003309,Franklin Middleton
100003310,Christopher Waddell
100003311,Dorothy Collins
100003312,Billy Ross
100003313,Marjorie Girdley
100003314,Sam Peel
100003315,Karolyn Pavlovic
100003316,Josephine Watson
100003317,George Palma
100003318,James Lentini
100003319,Joseph Gandy
100003320,Shelby Cramer
100003321,Otis Morgan
100003322,Patricia Sullivan
100003323,Donna Waterbury
100003324,Anthony Neubauer
100003325,William Johnson
100003326,Peggy Rogers
100003327,Mark Bermudes
100003328,Derrick Sebald
100003329,Joshua Barfield
100003330,Paula Benn
100003331,Kyle Rorie
100003332,Daisy Remaley
100003333,Evelyn Mancias
100003334,Tamara Herr
100003335,Thomas Moore
100003336,Israel Schwenke
100003337,Debra Bernstein
100003338,Robin Zhao
100003339,Sara Smith
100003340,Diana Deangelis
100003341,Angela Giunta
100003342,Bobby Weigel
100003343,Kenneth Harper
100003344,Terrance Getz
100003345,Patricia Arnold
100003346,Michael Trujillo
100003347,David Hugo
100003348,Timothy Kearns
100003349,Beatrice Odonnell
100003350,Joe Lopez
100003351,Mary Marcum
100003352,Martha Holley
100003353,David Vaillancourt
100003354,Anne Griest
100003355,Thelma Mcgibney
100003356,John Higa
100003357,Vera Gover
100003358,Kelly Fowler
100003359,Frances White
100003360,Darrell Williams
100003361,Mary Starr
100003362,Everette Castillo
100003363,Dawn May
100003364,Della Mclaughlin
100003365,Jimmie Wolf
100003366,Betty Kiffer
100003367,Charles Kowis
100003368,Henry Jackson
100003369,Gregory Acosta
100003370,Brenda Vance
100003371,Gerald Gay
100003372,Jonathan Woodhouse
100003373,Evelyn Carroll
100003374,Patricia Williams
100003375,Ronald Cooper
100003376,Anne Wilson
100003377,Debbie Holcombe
100003378,Edward Arthur
100003379,Darrin Hudson
100003380,Linda Cardwell
100003381,Jose Addison
100003382,Annie Burns
100003383,Amalia Pospisil
100003384,Sharon Lopez
100003385,Annette Calzada
100003386,Jack Hardesty
100003387,Nancy Rowland
100003388,Jacalyn Montoya
100003389,Albert Gaines
100003390,David Stephens
100003391,Ernest Hand
100003392,Clelia Hampton
100003393,Patricia Barton
100003394,Linda Green
100003395,Virginia Johnson
100003396,Sabrina Chidester
100003397,Rochelle Hall
100003398,Preston Collica
100003399,Dorothy Figueroa
100003400,Arthur Rodriguez
100003401,Michaela Schweitzer
100003402,Kimberly Guthrie
100003403,Janice Dempster
100003404,Richard Marx
100003405,Richard Clements
100003406,Lonnie Shulda
100003407,Carla Boeke
100003408,James Jones
100003409,William Hargis
100003410,Donna Brinkhaus
100003411,Andrea Witt
100003412,Toby Blaine
100003413,David Young
100003414,Dawn Williams
100003415,Carol Myers
100003416,Rhett Ware
100003417,Robert Baker
100003418,Geraldine Chicoine
100003419,Derrick Colantuono
100003420,Charlotte Robinson
100003421,Patricia Bartlett
100003422,Jennifer Ruiz
100003423,Lisa Pulido
100003424,Lottie Mcallister
100003425,Joseph Piper
100003426,Aaron Jackson
100003427,Maurice Garrett
100003428,Valerie Hillman
100003429,Craig Simmons
100003430,Calvin Barnes
100003431,Glenda Pitts
100003432,Gary Williams
100003433,Bennie Harshman
100003434,Susan Fields
100003435,Kenneth Carroll
100003436,Salvatore Lacroix
100003437,Kellie Castro
100003438,Ruth Bevelacqua
100003439,James Robbins
100003440,Monica Milam
100003441,Kenneth Murphy
100003442,Kimberly Sardina
100003443,Anita Downs
100003444,Gretchen Oconnor
100003445,Betsy Sagon
100003446,Christina Daniel
100003447,David Griffin
100003448,Ethel Russell
100003449,Michael Mack
100003450,Michael Chadwick
100003451,Loren Villa
100003452,Thomas Marshall
100003453,Keith Carroll
100003454,Dennis Park
100003455,Gladis Gordon
100003456,Patricia Walker
100003457,Arnold Lenis
100003458,Annie White
100003459,Ruth Smith
100003460,Megan Smith
100003461,Lisette Winters
100003462,Nicole Halls
100003463,Lisa Martin
100003464,Curtis Pratt
100003465,Randy Hoover
100003466,Martha Leavitt
100003467,Tami Thompson
100003468,Virgie Harris
100003469,Anne Dorsey
100003470,Dean Nord
100003471,Jon Youmans
100003472,Patricia Mccalla
100003473,Catherine Lopez
100003474,Helen Ortega
100003475,Ernest Blanco
100003476,Rosa Nabb
100003477,Jean Delacruz
100003478,Dani Jordan
100003479,James Vance
100003480,Antonia Mangum
100003481,Lois Collett
100003482,Cheryl Bland
100003483,Diane Young
100003484,Gregory Budney
100003485,Bertha Signorile
100003486,Maria Steil
100003487,Dale Frazier
100003488,Cynthia Ruis
100003489,Rickey Miller
100003490,David Lorenzo
100003491,Krystal Gann
100003492,Harry Ashalintubbi
100003493,Eric Spear
100003494,David Broenneke
100003495,Anita Mayher
100003496,Daniel Middleton
100003497,Frank Hardin
100003498,Mary Gallaway
100003499,Maria Mack
100003500,Robert Clem
100003501,Troy Parrish
100003502,Rose Lord
100003503,Burma Gibson
100003504,Cesar Dumlao
100003505,Nettie Anderson
100003506,Paul Diekmann
100003507,Armando Myers
100003508,Richard Mickel
100003509,William Norris
100003510,Melissa Qualls
100003511,John Smith
100003512,Arthur Oster
100003513,James Lutes
100003514,Cora Raleigh
100003515,Alfred Fortman
100003516,Alexander Threet
100003517,Daniel Crisler
100003518,Claude Rieger
100003519,William Henninger
100003520,Maria Hughes
100003521,Ronny Marino
100003522,Marian Salles
100003523,Grant Nicholson
100003524,Jose Shaw
100003525,David Roberts
100003526,Eve Shirilla
100003527,Linda Viramontes
100003528,Maude Swarr
100003529,Joel Mcdowell
100003530,Hilda Roy
100003531,Laura Butts
100003532,Luke Weeks
100003533,Ariel Pippenger
100003534,James Adamson
100003535,Jennifer Taylor
100003536,Monet Holder
100003537,Candace Fierro
100003538,Sandra Brown
100003539,Victoria Wohlert
100003540,Peggy Anderson
100003541,Harold Davis
100003542,Nancy Cox
100003543,Lisa Massey
100003544,Mike Fimbres
100003545,James Penner
100003546,Lorri Osborne
100003547,Dan Griffin
100003548,Nathaniel Stinson
100003549,Bernard Ramos
100003550,Cheri Escobar
100003551,Sylvia Matthews
100003552,Ulrike Griswold
100003553,Deana Soto
100003554,Michael Horn
100003555,Florence Moore
100003556,Ellen Despres
100003557,Douglas Malkin
100003558,Harry Davidson
100003559,Arden Landfair
100003560,Clifford Davis
100003561,Luke Burlew
100003562,Robert Binkley
100003563,Mitchel Baudino
100003564,Roberta Baber
100003565,Zachary Lei
100003566,Samantha Parmenter
100003567,Larry Miller
100003568,James Kirk
100003569,Billy Emerson
100003570,George Phan
100003571,Alta Pegg
100003572,Matthew Simpson
100003573,Dewey George
100003574,Alma Douthitt
100003575,Efrain Oppegard
100003576,Annette Titus
100003577,John Curry
100003578,Mark Emerson
100003579,David Rees
100003580,Ray Roberts
100003581,Eric Eason
100003582,Roger Harden
100003583,Jill Westphal
100003584,Francisco Alley
100003585,Doris Garcia
100003586,Kyle Walker
100003587,Janice Murphy
100003588,Jeffery Moran
100003589,Bettye Logue
100003590,Tanya Young
100003591,Irene Gallagher
100003592,Nathan Morosow
100003593,Lori Taylor
100003594,Alfred Pope
100003595,Amber Washington
100003596,Ashley Jones
100003597,Michael Ellis
100003598,Lorraine Oneill
100003599,Diana Carr
100003600,Kayla Johnson
100003601,Eric Altenburg
100003602,Daniel Garske
100003603,Steven Shelton
100003604,Christina Hwang
100003605,Christine Leonard
100003606,Alethia Vann
100003607,Eboni Booth
100003608,Jesus Campos
100003609,Jose Galban
100003610,Peter Groce
100003611,Matthew Gross
100003612,Carol Watson
100003613,Marian Ricker
100003614,Pamela Martinez
100003615,Kecia Allen
100003616,Kevin Behnke
100003617,Vesta Browning
100003618,Stephanie Parker
100003619,Karen Scovill
100003620,Justin Sontag
100003621,Teresa Clifford
100003622,Brendan Patton
100003623,David Hittle
100003624,Ella Weaver
100003625,Francisco Flores
100003626,Jacklyn Brown
100003627,Janice Magnie
100003628,James Moore
100003629,Marlon Kazee
100003630,Nancy Rowen
100003631,Tameka Blankenship
100003632,Eric Bokor
100003633,Pamela Flaten
100003634,Johanna Sauls
100003635,Annette Swanson
100003636,Alisa Driscoll
100003637,Maribel Ploss
100003638,Michael Johnson
100003639,David Reeves
100003640,Tom Arias
100003641,Ronda Granados
100003642,Vernon Mccombs
100003643,Barbara Griffin
100003644,Annie German
100003645,Tommy Oliver
100003646,Shawnda Valenzuela
100003647,Justin Martin
100003648,Aubrey Ray
100003649,James Volcko
100003650,Connie Jobe
100003651,Karen Stewart
100003652,Leah Logan
100003653,Solange Essary
100003654,Robert Cobb
100003655,Elizabeth Selman
100003656,Matthew Paramo
100003657,Dean Freeman
100003658,Sandra Dininno
100003659,Don Barone
100003660,Holly Walker
100003661,Rickey Taylor
100003662,Grace Block
100003663,Steve Betancourt
100003664,Graciela Dugan
100003665,Raphael Bailey
100003666,Gregory Jernigan
100003667,Frank Carrier
100003668,Scott Walton
100003669,Jerry Watson
100003670,Nina Kubin
100003671,Ebony Newport
100003672,Angela Tucker
100003673,William Collier
100003674,Kimberly Counts
100003675,Rosa Collins
100003676,Jason Hedgepeth
100003677,Chang Valle
100003678,Craig Dahl
100003679,Stacey Hale
100003680,Tanner Hampton
100003681,Heather Rosario
100003682,Nicole Anderson
100003683,Linda Caron
100003684,David Davia
100003685,Faye Freeman
100003686,Mary Tachauer
100003687,Ruby Zink
100003688,Kathleen Smith
100003689,Christopher Vargas
100003690,Bernadette Young
100003691,Robert Centeno
100003692,Shelly Mitchell
100003693,Carolyn Legault
100003694,Veronica Spore
100003695,Benjamin Mccabe
100003696,Eartha Harrison
100003697,David No
100003698,Leo Gallant
100003699,Bridgette Ruth
100003700,Stephen Bulter
100003701,Barbara Wright
100003702,Christopher Barnes
100003703,Gwendolyn Jones
100003704,Lynn Rodriguez
100003705,Ola Massey
100003706,James Thomas
100003707,Wayne Ohno
100003708,Evan Cole
100003709,Edgar Rossi
100003710,Vicki Baker
100003711,James Daniels
100003712,Rufus Gerlach
100003713,Nicolas Shrum
100003714,Kelly Kirby
100003715,Barbara Hopkins
100003716,Joseph Mcnair
100003717,Frederick Burell
100003718,Roy Williams
100003719,Suzanna Purvis
100003720,Jessica Thompson
100003721,Beth Colligan
100003722,Nicole Ramos
100003723,Susanna Kelly
100003724,Philip Zamora
100003725,Mark Mcbride
100003726,Megan Deleon
100003727,Marcelino Knuth
100003728,Ronald Craft
100003729,Rachel Anthony
100003730,Steven Ramos
100003731,Marybeth Waters
100003732,Floyd Anderson
100003733,Leslie Sartin
100003734,Bernice French
100003735,Henry Gonzales
100003736,Norma Browne
100003737,Steven Simmons
100003738,Joseph Poque
100003739,Loretta Evers
100003740,Jose Kell
100003741,Jeremy Temple
100003742,Shaina Reed
100003743,Robert Ransom
100003744,Antoine Hernandez
100003745,Albert Johnson
100003746,Claudia Patterson
100003747,Kim Schick
100003748,Katrina Deyoung
100003749,Corey Ray
100003750,Salvatore Bradley
100003751,Heather Hill
100003752,Chris Ochoa
100003753,Fred Petterson
100003754,Ethel Owens
100003755,Dorthy Rankins
100003756,Arthur Cone
100003757,Jennie Shoemaker
100003758,James Peduto
100003759,Keith Mcguire
100003760,Jennifer Woods
100003761,Timothy Miller
100003762,Maurice Ho
100003763,Alice Gill
100003764,Gina Ashley
100003765,Anita Juarez
100003766,Ramon Harrison
100003767,Sonia Morgan
100003768,Louisa Leadbetter
100003769,Lou Scott
100003770,Aretha Carpenter
100003771,Vernon Bosak
100003772,Meredith Barras
100003773,Roger Arnold
100003774,Michael Sloan
100003775,Kimberly Premo
100003776,James Bolte
100003777,Patricia Savoy
100003778,Arthur Williams
100003779,Cathy Minucci
100003780,Robert Acevedo
100003781,Leah Kennedy
100003782,George Jennings
100003783,Adam Hallman
100003784,Gordon Brown
100003785,James Hunt
100003786,Kathy Burns
100003787,Antonietta Craig
100003788,Alexander Lester
100003789,Steven Moore
100003790,Myrtle Blanchard
100003791,Paul Dorais
100003792,Helene Sterry
100003793,Rodger Dibbles
100003794,Jan Akerley
100003795,Anna Barron
100003796,Michael Hurd
100003797,Don Huston
100003798,Miriam Hanberry
100003799,Diana Pilgrim
100003800,Pamela Allen
100003801,Elton Smith
100003802,Paul Fleming
100003803,Lorenzo Hirsch
100003804,Jessica Elliott
100003805,Doris Elizondo
100003806,Helen Molter
100003807,Samuel Klinger
100003808,Paige Paige
100003809,James Deleon
100003810,Jarrod Borders
100003811,Craig Prince
100003812,Thomas Rostad
100003813,Trinidad Thibodeaux
100003814,Michele Everson
100003815,Rebecca Stokes
100003816,Jill Hearnen
100003817,Hilary Campos
100003818,Joe Bedford
100003819,Richard Moss
100003820,William Greco
100003821,Fanny Leach
100003822,Loren Rosa
100003823,Sandra Hall
100003824,Willie Siegrist
100003825,Rochelle Beachy
100003826,Robert Koehn
100003827,John Coupe
100003828,Laura Tomaszewski
100003829,Michael Dees
100003830,Britt Greer
100003831,Linda Collins
100003832,Shirley Stookey
100003833,Timothy Daly
100003834,Charles Lane
100003835,Mary Cook
100003836,Rodney Pilon
100003837,Lorraine Dunning
100003838,Frankie Smith
100003839,Barbara Jennings
100003840,Jessica Smith
100003841,Rose Koenig
100003842,Anne Wilkins
100003843,Raymond Faulkner
100003844,Michael Browder
100003845,Joshua Harris
100003846,David Cabrera
100003847,Doris Sanders
100003848,Jimmy Biondolillo
100003849,Margarett Reed
100003850,Jeffrey Davenport
100003851,Noah Vela
100003852,Cecil Clopton
100003853,Edison Glory
100003854,Ashley Petix
100003855,Jennifer Stanford
100003856,Kristie Beauchamp
100003857,Lilly Miller
100003858,Carol Revalee
100003859,Carl Lindsey
100003860,Gary Scott
100003861,Laura Carbone
100003862,Gladys Davia
100003863,Robert Tramel
100003864,Barbara Routh
100003865,Grace Cron
100003866,George Jordan
100003867,Jose Straley
100003868,Randy Tallent
100003869,Kathryn Donnally
100003870,John Ulmer
100003871,Jeremy Tolar
100003872,Lois Rape
100003873,Charles Boyer
100003874,Derrick Willson
100003875,Marion Evans
100003876,Linda Schaefer
100003877,Brandy Poyner
100003878,Anglea Bradley
100003879,William Young
100003880,Donald Ramirez
100003881,Michael Fowler
100003882,John Krigbaum
100003883,Bethany Lathrop
100003884,Kenneth Kaupp
100003885,Victoria Pinkleton
100003886,Beatrice Simon
100003887,Paul Barnes
100003888,Humberto Gerecke
100003889,Thomas Hanshaw
100003890,Evelyn Medina
100003891,Amelia Mcclure
100003892,Annette Rodriguez
100003893,John Perry
100003894,Cassandra Kinsinger
100003895,Sandra Sydnor
100003896,George Podbielski
100003897,Delores Lecompte
100003898,Velma Mccarthy
100003899,Nila Gonzalez
100003900,Kenny Carver
100003901,Paige Cox
100003902,Larry Robertson
100003903,Fred Willimas
100003904,Martha Young
100003905,Rod Quick
100003906,Christina Helton
100003907,Theodore Stanely
100003908,Gene Whitmore
100003909,Ruth Chaisson
100003910,Jeffrey Hanson
100003911,Mary Perez
100003912,Edith Cirillo
100003913,John Horn
100003914,Paula Vanderpool
100003915,Michael Avallone
100003916,Felipe Asher
100003917,Nellie Mills
100003918,Nellie Collier
100003919,Carol Rauch
100003920,Jose Bradley
100003921,Daniel Stewart
100003922,Sara Garcia
100003923,Laura Tagliente
100003924,Barbara Andrews
100003925,Jeanine Alzugaray
100003926,John Jennings
100003927,William Christie
100003928,Kathleen Dallmann
100003929,Carlos Brown
100003930,Bobbie Osbeck
100003931,Marcos Miner
100003932,Jeffrey Guadalupe
100003933,Victor Wilson
100003934,Rose Krieg
100003935,Mitchell Mays
100003936,Tommy Adkins
100003937,Nicholas Vinton
100003938,Alberta Sullivan
100003939,Clark Craig
100003940,John Hawkins
100003941,Joan Jennings
100003942,Robert Jackson
100003943,Dorene Lumsden
100003944,Lorraine Jennings
100003945,Alisa Perez
100003946,Marguerite Haydock
100003947,William Nunez
100003948,Mark Andrus
100003949,Richard Sanders
100003950,Jadwiga Pooley
100003951,Richard Mashburn
100003952,Katherin Pisani
100003953,Nicholas Howell
100003954,Gregory Wilson
100003955,Mary Dudley
100003956,Steven Huber
100003957,David French
100003958,Vera Garcia
100003959,Frankie Ernst
100003960,William Powell
100003961,James Goodman
100003962,Dorothy Ruiz
100003963,Timothy Graves
100003964,Earlean Nation
100003965,Donald Feathers
100003966,Jaime Williams
100003967,Ramon Jones
100003968,Amanda Callahan
100003969,Stacie Romero
100003970,Ashley Milligan
100003971,Susan Cooper
100003972,Amber Swift
100003973,Kenneth Zulauf
100003974,John Hargrove
100003975,Josephine Drew
100003976,Eugene Macauley
100003977,Thomas Mcglothlin
100003978,Raymond Patterson
100003979,Eleanor Schumacher
100003980,Louis Paynes
100003981,Jose Castro
100003982,Iris Doud
100003983,Timothy Kolb
100003984,Otto Mccrossen
100003985,Aura Dotter
100003986,Violet Smith
100003987,Allan Anteby
100003988,Ramon Baldwin
100003989,Kristopher Nale
100003990,William Mcclaine
100003991,Richard Nevill
100003992,Mary Kurland
100003993,Donald Cunningham
100003994,Elizabeth Augusto
100003995,Walter Mckenzie
100003996,Harry Macklin
100003997,Denis Whetstone
100003998,William Escobedo
100003999,Jason Whitehead
